,Object designation,Diameter,Impact date/time in UTC,Probabilidad,PS max,Vel. in km/s,AÃ±o
0,1979XB,700,2056-12-12 21:39,1/3.5E6,-3.22,28,2056
1,2000SG344,40,2071-09-16 00:57,1/1146,-3.37,11,2069
2,2008JL3,30,2027-05-01 09:06,1/6711,-3.66,14,2027
3,2021GX9,30,2032-04-16 21:51,1/19880,-3.67,20,2032
4,2019VB37,40,2049-04-26 01:30,1/17793,-3.72,18,2033
5,2018JD,16,2067-05-08 13:22,1/793,-3.82,14,2067
6,2011DU9,16,2046-02-23 20:45,1/1443,-3.9,14,2043
7,2012QD8,90,2047-03-08 23:18,1/169491,-3.9,24,2042
8,2022UY14,30,2043-04-28 22:24,1/32679,-3.94,23,2043
9,2022VE1,50,2053-10-26 06:39,1/43290,-4.02,19,2053
10,2005QK76,30,2030-02-26 08:15,1/32051,-4.05,23,2030
11,2017WT28,8,2104-11-24 16:31,1/147,-4.11,12,2080
12,2006JY26,8,2074-05-03 00:48,1/152,-4.12,12,2073
13,2021EU,29,2056-08-29 02:45,1/21834,-4.13,24,2024
14,2020VW,7,2074-11-02 20:49,1/250,-4.16,15,2074
15,2007KE4,30,2029-05-26 00:18,1/23364,-4.17,15,2026
16,2008FF5,80,2060-03-27 18:06,1/518134,-4.18,41,2060
17,2020VV,12,2056-10-11 00:02,1/1001,-4.19,11,2044
18,2014GN1,40,2061-09-16 20:13,1/49261,-4.2,24,2061
19,2013VW13,20,2080-11-08 16:20,1/4444,-4.22,20,2063
20,2022NX1,8,2075-12-04 19:06,1/266,-4.22,11,2075
21,2020KD3,18,2083-05-26 21:12,1/2109,-4.25,14,2083
22,2014CR13,25,2108-02-11 19:52,1/4484,-4.26,17,2102
23,2022WV9,40,2115-01-15 00:14,1/12500,-4.26,13,2039
24,2007DX40,40,2056-08-18 05:16,1/37593,-4.28,19,2030
25,2008EX5,60,2083-10-09 17:03,1/42735,-4.3,15,2056
26,2008UB7,60,2060-10-31 18:27,1/108813,-4.3,22,2049
27,2022AT2,14,2080-01-14 08:33,1/1362,-4.3,13,2080
28,2020OB,60,2116-07-23 09:37,1/104602,-4.31,28,2114
29,2021GE2,5,2030-04-03 11:57,1/1483,-4.31,19,2030
30,2022SX55,3,2035-09-17 19:56,1/236,-4.31,16,2035
31,2007VE8,29,2062-11-06 02:54,1/9433,-4.32,14,2062
32,2010CR5,400,2062-01-01 02:05,1/1.48E7,-4.33,27,2062
33,2015YJ,8,2059-12-14 08:16,1/1031,-4.39,20,2042
34,2018TY4,8,2033-10-05 16:22,1/2314,-4.39,15,2033
35,2020CQ1,6,2070-02-03 04:35,1/224,-4.4,12,2070
36,2005ED224,60,2023-03-11 08:25,1/490196,-4.41,27,2023
37,2009BE,21,2083-01-25 02:21,1/5319,-4.44,16,2037
38,2022UE3,40,2093-10-13 23:51,1/24875,-4.44,15,2089
39,2020MJ,30,2102-06-12 10:45,1/17421,-4.45,20,2091
40,2021AM6,17,2070-01-05 02:26,1/3300,-4.46,12,2064
41,2001VB,700,2023-07-23 07:16,1/3.58E8,-4.46,37,2023
42,2010UK,15,2068-10-15 10:41,1/2347,-4.49,13,2068
43,2017AE21,40,2025-05-10 04:56,1/139082,-4.49,12,2023
44,2016WG,80,2076-06-23 07:12,1/381679,-4.51,26,2076
45,2017YM1,30,2091-12-16 12:47,1/18484,-4.53,16,2035
46,2022KL8,2000,2111-09-15 02:54,1/1.1E9,-4.59,32,2111
47,2011BL45,13,2071-08-01 11:58,1/1876,-4.62,11,2071
48,2021TT1,20,2048-10-09 17:15,1/27247,-4.62,20,2048
49,2022WW11,15,2050-11-29 04:37,1/10460,-4.62,17,2049
50,2016DK1,12,2043-02-18 02:17,1/4081,-4.64,13,2043
51,2016GU2,50,2113-04-01 22:09,1/280898,-4.65,41,2113
52,2017FO63,70,2097-11-13 18:29,1/442477,-4.65,31,2097
53,2010GM23,40,2105-04-15 03:57,1/38610,-4.66,17,2087
54,2012MF7,15,2046-06-21 21:10,1/7299,-4.67,14,2046
55,2019LU1,50,2056-06-05 11:09,1/448430,-4.68,34,2056
56,2021RB6,9,2080-09-09 19:38,1/1303,-4.69,14,2075
57,2020XF,16,2056-12-01 04:56,1/5434,-4.69,12,2056
58,2019TU,22,2099-01-27 20:49,1/8333,-4.69,15,2089
59,2014WA201,15,2075-11-16 03:22,1/5405,-4.7,16,2071
60,2008CC71,40,2066-02-27 12:20,1/38314,-4.7,14,2034
61,2017SF20,7,2034-09-26 12:41,1/3003,-4.7,15,2034
62,2007FT3,400,2046-10-03 12:14,1/2.4E7,-4.71,20,2046
63,2008HJ,25,2104-05-03 09:45,1/10764,-4.74,13,2077
64,2017LD,11,2079-06-10 16:11,1/1689,-4.74,12,2053
65,2021WA1,11,2116-11-27 21:44,1/1923,-4.74,18,2116
66,2021YW,30,2101-12-24 14:26,1/80645,-4.79,27,2093
67,2012HG2,14,2071-02-10 04:07,1/2873,-4.8,12,2052
68,2006DM63,16,2031-02-24 05:54,1/17301,-4.81,15,2031
69,2013TP4,12,2026-10-01 07:49,1/45454,-4.81,28,2026
70,2021UJ6,8,2055-06-06 05:09,1/4149,-4.85,21,2055
71,2011XC2,90,2056-12-02 09:55,1/1.35E6,-4.86,24,2056
72,2016RD34,10,2051-05-18 21:23,1/3115,-4.86,11,2051
73,2018DQ,5,2027-02-21 16:52,1/8130,-4.87,24,2027
74,2008EZ84,21,2073-03-09 23:42,1/12360,-4.88,14,2072
75,2008ST7,50,2094-09-10 01:44,1/107181,-4.88,15,2062
76,2022VF1,120,2071-05-30 09:12,1/2.4E6,-4.88,21,2071
77,2011UM169,30,2102-10-24 12:31,1/47393,-4.89,18,2097
78,2018GR4,13,2058-03-07 07:09,1/5494,-4.89,11,2058
79,2019QR3,13,2078-08-31 22:36,1/5649,-4.89,16,2073
80,2010JH110,20,2092-06-03 17:16,1/8695,-4.89,14,2071
81,2007WP3,70,2105-11-12 07:32,1/268096,-4.9,17,2098
82,2000WJ107,80,2119-11-20 05:44,1/232558,-4.92,17,2110
83,2006CM10,160,2092-08-12 11:25,1/3.57E6,-4.92,25,2092
84,2017FO128,110,2121-03-15 22:20,1/826446,-4.92,19,2121
85,2012EK5,28,2095-03-24 11:39,1/36363,-4.94,19,2074
86,1994GK,50,2061-04-03 15:30,1/193423,-4.95,19,2039
87,2016VB1,7,2092-11-08 12:20,1/775,-4.97,12,2065
88,2007TC14,130,2082-10-22 10:10,1/3.56E6,-4.99,28,2082
89,2020DF3,50,2074-02-22 06:51,1/549450,-4.99,29,2065
90,2019WU2,40,2093-11-04 16:02,1/101112,-5.0,16,2080
91,2020FA5,210,2110-10-29 06:35,1/1.07E7,-5.01,30,2110
92,2017VL2,22,2115-11-10 22:46,1/12391,-5.01,14,2087
93,2015XA378,24,2107-12-20 18:54,1/33898,-5.03,21,2082
94,2022UV15,22,2118-10-30 02:48,1/17482,-5.03,16,2072
95,2002RB182,100,2110-09-27 05:19,1/689655,-5.04,19,2055
96,2013EV27,14,2038-02-28 23:43,1/25974,-5.04,17,2038
97,2020BW5,18,2046-06-12 18:28,1/33783,-5.04,14,2046
98,2020TY4,60,2099-09-17 15:05,1/162866,-5.05,14,2099
99,2000SB45,50,2099-10-09 00:07,1/30395,-5.06,13,2068
100,2011AM37,4,2048-01-11 10:07,1/492,-5.06,12,2044
101,2014ML67,50,2027-07-03 19:54,1/2.13E6,-5.06,24,2027
102,2019WG2,40,2119-11-24 14:29,1/73529,-5.06,19,2093
103,2021SU1,17,2054-09-20 21:01,1/20790,-5.06,13,2054
104,2002GM5,180,2064-10-03 10:17,1/8.55E6,-5.07,23,2064
105,2009TD17,10,2039-05-08 11:35,1/6944,-5.07,13,2039
106,2011VG9,130,2104-11-03 20:47,1/3.48E6,-5.09,27,2104
107,2014JU15,40,2086-04-28 19:52,1/83333,-5.09,15,2073
108,2021VM1,24,2102-04-30 02:30,1/37735,-5.09,18,2081
109,2010QG2,38,2051-09-05 09:15,1/312500,-5.11,17,2051
110,2019JO1,12,2052-04-28 02:03,1/24509,-5.11,21,2044
111,2021EJ3,10,2078-03-12 23:40,1/3355,-5.13,11,2078
112,2011SO189,18,2056-09-24 11:51,1/31847,-5.13,17,2053
113,2022SD9,7,2111-09-26 06:35,1/1949,-5.14,17,2109
114,2020UE,27,2063-10-16 13:56,1/107066,-5.15,18,2042
115,1995CS,29,2042-02-03 14:40,1/214592,-5.15,28,2042
116,2002UV36,16,2087-10-26 07:54,1/10101,-5.15,14,2044
117,2022WE5,11,2088-12-02 11:23,1/4629,-5.15,14,2084
118,2009TH8,40,2097-10-21 13:52,1/106382,-5.17,17,2068
119,2012ES10,60,2059-03-05 10:46,1/1.41E6,-5.17,27,2054
120,2017OE7,20,2114-08-23 11:59,1/11441,-5.17,12,2106
121,2022OH2,12,2097-08-03 22:41,1/4115,-5.18,12,2088
122,2017GG8,21,2066-03-31 12:17,1/44642,-5.19,16,2066
123,2017RV2,20,2094-09-10 07:27,1/17761,-5.19,13,2082
124,2022UE2,40,2115-04-18 10:18,1/139664,-5.2,17,2105
125,2022UO28,9,2089-10-28 11:28,1/4115,-5.2,17,2085
126,1996TC1,60,2067-09-26 05:02,1/806451,-5.21,26,2054
127,2019FE,50,2106-03-18 05:25,1/199203,-5.21,15,2095
128,2020VB5,10,2037-11-17 16:30,1/35714,-5.21,20,2037
129,2021SQ,7,2062-09-20 22:02,1/3663,-5.21,15,2062
130,2012VE77,19,2033-11-17 12:48,1/121359,-5.22,19,2033
131,2011OB26,28,2115-08-11 23:18,1/46296,-5.24,16,2095
132,2018NL,29,2060-06-29 00:28,1/100100,-5.24,14,2060
133,2006JE,60,2106-05-02 07:20,1/806451,-5.25,29,2094
134,2009OW6,30,2080-08-20 08:58,1/62893,-5.25,13,2074
135,2011MX,15,2081-06-19 08:11,1/16025,-5.25,17,2059
136,2021VA9,16,2097-05-17 22:49,1/13966,-5.27,13,2030
137,2009WP6,16,2074-11-16 09:57,1/47393,-5.27,28,2067
138,2016EO28,5,2035-02-28 09:50,1/3663,-5.27,13,2035
139,2020WG5,10,2086-11-25 01:18,1/4524,-5.27,13,2086
140,2017YO5,21,2117-12-24 12:34,1/19531,-5.28,13,2084
141,2020PQ2,50,2066-08-19 07:04,1/833333,-5.31,23,2066
142,2020DJ1,40,2114-07-30 21:12,1/144300,-5.31,18,2083
143,2016NL39,11,2079-06-29 20:06,1/5847,-5.32,12,2055
144,2021EO2,9,2037-03-25 05:52,1/18587,-5.32,13,2037
145,2020JK,50,2084-05-17 23:39,1/793650,-5.32,22,2066
146,2021EL3,6,2101-03-07 00:47,1/1344,-5.33,12,2088
147,2002MN,80,2071-06-15 16:02,1/900900,-5.33,15,2053
148,2013GM3,20,2073-04-13 21:28,1/34965,-5.35,13,2028
149,2020XE,20,2040-05-27 05:12,1/310559,-5.36,27,2040
150,2014JR24,5,2069-05-01 22:20,1/806,-5.36,12,2069
151,2010KV7,13,2034-05-21 06:09,1/100401,-5.37,12,2034
152,2012BA77,24,2065-10-09 19:42,1/90090,-5.37,17,2025
153,2013BL18,23,2086-01-14 07:26,1/65789,-5.37,18,2070
154,2020BK3,15,2091-01-20 21:00,1/17241,-5.37,15,2091
155,2021KT2,7,2065-06-01 11:43,1/4878,-5.37,14,2057
156,2021JA1,27,2119-05-08 02:53,1/113507,-5.38,24,2084
157,2006HF6,50,2070-04-19 01:51,1/460829,-5.38,20,2053
158,2017PY26,120,2111-08-19 03:40,1/4.1E6,-5.4,23,2104
159,2020YA3,22,2073-12-22 00:48,1/75757,-5.4,17,2070
160,2002VU17,40,2084-11-16 21:30,1/232558,-5.42,18,2084
161,2019SJ,11,2095-09-16 20:50,1/7575,-5.42,14,2055
162,2021RF16,6,2052-09-16 11:39,1/4048,-5.43,14,2049
163,2006BC8,30,2103-07-27 11:14,1/132100,-5.44,17,2050
164,2015KG158,8,2071-05-14 21:29,1/4784,-5.44,14,2045
165,2022UL11,5,2103-10-24 21:38,1/1410,-5.44,14,2096
166,2022WO7,40,2107-05-30 18:45,1/246913,-5.45,15,2096
167,2000LG6,6,2088-05-27 05:49,1/1057,-5.45,11,2080
168,2020YN,10,2046-12-15 21:21,1/38461,-5.45,20,2046
169,2006QN111,60,2079-08-16 11:09,1/714285,-5.46,15,2079
170,2011EB74,15,2054-03-16 12:20,1/30674,-5.46,13,2033
171,2016WN55,400,2039-09-13 01:25,1/2.49E8,-5.46,19,2039
172,2021UT5,8,2096-10-30 04:21,1/4950,-5.48,16,2075
173,2021FM2,3,2070-03-21 09:03,1/833,-5.48,16,2050
174,2010HV20,465,2116-05-05 13:52,1/1.11E7,-5.49,27,2116
175,2007DS7,24,2075-02-17 10:08,1/93457,-5.49,17,2043
176,2009FZ10,28,2115-03-16 20:21,1/95238,-5.5,17,2111
177,2020ED,15,2096-04-15 17:55,1/17985,-5.5,13,2096
178,2014OM207,5,2101-07-25 21:36,1/1529,-5.51,14,2101
179,2008PK9,80,2057-08-10 18:33,1/4.63E6,-5.52,28,2057
180,2004VM24,28,2090-11-13 06:00,1/119617,-5.53,17,2049
181,2018NJ,10,2083-07-10 01:30,1/7407,-5.53,13,2083
182,2020OR4,26,2093-01-20 03:09,1/217391,-5.54,24,2093
183,2019LW4,12,2097-06-08 06:09,1/14347,-5.55,14,2083
184,2020GZ2,8,2049-04-20 00:47,1/16806,-5.55,15,2049
185,2022SA11,6,2097-09-18 05:30,1/2666,-5.55,13,2076
186,2012SY49,24,2048-09-28 18:27,1/263157,-5.56,19,2031
187,2005CC37,100,2117-01-13 15:54,1/1.65E6,-5.56,14,2117
188,2011SM173,10,2058-09-22 03:55,1/20746,-5.56,18,2058
189,2014UD57,24,2086-10-21 05:09,1/71428,-5.57,14,2076
190,2020UO4,7,2120-10-20 13:26,1/1999,-5.58,12,2118
191,2006SC,30,2053-09-13 14:41,1/317460,-5.58,17,2047
192,2018XQ2,8,2091-01-06 08:43,1/5000,-5.58,12,2064
193,2019SX,4,2077-09-21 08:08,1/2544,-5.59,18,2046
194,2018NW,10,2117-07-09 03:36,1/16051,-5.6,24,2046
195,2022KV6,60,2070-05-27 10:06,1/2.92E6,-5.6,28,2070
196,2013WM,60,2047-11-20 11:34,1/7.94E6,-5.61,37,2047
197,2016CY135,50,2103-03-11 08:07,1/294117,-5.61,13,2103
198,2021XV,3,2045-11-30 05:26,1/2777,-5.61,15,2045
199,2021LQ,40,2112-05-29 18:22,1/877193,-5.61,27,2093
200,2016CD30,10,2070-01-31 17:22,1/18587,-5.62,15,2056
201,2021UP,26,2119-10-19 03:08,1/88495,-5.63,15,2098
202,2013WZ44,26,2117-11-25 20:37,1/100000,-5.63,17,2111
203,2005EL70,60,2034-03-05 23:21,1/8.62E6,-5.64,37,2034
204,2005XA8,27,2069-12-05 23:50,1/135685,-5.64,16,2059
205,2012WS3,23,2117-05-23 07:05,1/50000,-5.64,14,2082
206,2019NO2,8,2102-07-04 02:17,1/5524,-5.64,14,2102
207,2020HL1,30,2055-05-22 18:42,1/387596,-5.64,15,2055
208,2022TG1,26,2106-10-01 02:50,1/85470,-5.65,13,2101
209,2021QY3,24,2110-09-07 18:38,1/105708,-5.65,17,2085
210,2007KO4,80,2046-11-23 22:02,1/4.18E6,-5.65,17,2030
211,2014QC391,11,2100-09-07 05:57,1/12562,-5.65,14,2078
212,2022KK2,7,2060-05-19 08:52,1/15948,-5.65,19,2056
213,2010VW194,18,2079-11-12 19:35,1/47393,-5.66,13,2042
214,2010XB,4,2036-11-30 06:03,1/9259,-5.66,22,2036
215,2022SG5,22,2116-03-12 03:02,1/178890,-5.67,27,2090
216,2011AK37,30,2097-01-16 21:56,1/238095,-5.68,16,2097
217,2012BY1,25,2043-01-25 16:49,1/518134,-5.69,21,2043
218,2016BA15,16,2056-07-18 21:13,1/92592,-5.69,19,2054
219,2017FN1,27,2033-03-20 22:58,1/4761,-5.69,21,2033
220,2020XA6,50,2073-12-11 08:38,1/2.28E6,-5.7,24,2057
221,2017UL7,50,2041-03-19 22:46,1/2.7E6,-5.7,20,2041
222,2007CC27,15,2075-02-12 10:03,1/44052,-5.71,16,2059
223,2006HX57,30,2065-05-09 12:21,1/330033,-5.72,15,2065
224,2019UT,9,2106-10-25 12:55,1/10460,-5.72,16,2094
225,2009CZ1,40,2058-02-19 01:03,1/1.94E6,-5.73,21,2058
226,2011BF40,40,2083-06-27 12:02,1/714285,-5.73,22,2083
227,2021JE1,16,2064-06-03 15:53,1/73529,-5.73,14,2064
228,2011BG10,19,2051-01-24 09:51,1/165837,-5.74,17,2051
229,2013RO30,7,2090-09-04 21:19,1/7092,-5.75,15,2044
230,2021GG1,17,2108-09-13 05:08,1/65789,-5.75,19,2073
231,2009FJ,40,2117-03-15 04:55,1/252525,-5.76,14,2058
232,2012LJ,27,2072-11-10 21:42,1/377358,-5.76,22,2051
233,2019NF7,9,2080-07-07 22:37,1/13175,-5.76,15,2072
234,2020US7,24,2036-04-16 03:42,1/571428,-5.76,13,2028
235,2008ST,14,2116-09-25 15:45,1/16420,-5.78,12,2047
236,2010JL88,16,2082-05-18 21:19,1/98039,-5.79,19,2035
237,2010TW149,24,2093-10-07 00:30,1/194552,-5.79,20,2058
238,2019SC,13,2051-09-16 03:34,1/93457,-5.79,18,2051
239,2021DR,10,2089-02-07 16:34,1/12422,-5.79,12,2046
240,2021VB,24,2107-10-21 19:57,1/100000,-5.8,13,2086
241,2021XU5,5,2059-06-08 00:25,1/10718,-5.8,22,2040
242,2009JL2,23,2057-05-13 16:20,1/242130,-5.81,17,2057
243,2018GE2,14,2074-10-31 09:33,1/41152,-5.81,13,2060
244,2019AU6,17,2097-01-13 16:46,1/56818,-5.82,14,2064
245,2010CS19,9,2104-02-13 15:56,1/9615,-5.84,13,2095
246,2018BN6,16,2089-07-22 17:06,1/60240,-5.84,15,2073
247,2018FE4,40,2098-09-26 04:19,1/1.1E6,-5.85,24,2085
248,2008KO,50,2052-06-01 14:22,1/3.39E6,-5.86,26,2049
249,2011FQ6,10,2075-03-23 23:32,1/27624,-5.86,15,2051
250,2022EF3,10,2088-03-06 06:15,1/23980,-5.87,15,2088
251,2019JR2,14,2114-05-01 19:04,1/43290,-5.87,17,2079
252,2020CO2,16,2087-07-20 03:37,1/109170,-5.87,19,2048
253,2019AB,20,2108-01-05 13:03,1/90090,-5.87,15,2073
254,2021UO1,9,2046-10-25 10:54,1/83333,-5.87,22,2038
255,2018TB,40,2103-10-08 12:15,1/431034,-5.88,14,2103
256,2006UU17,18,2103-10-21 20:30,1/71942,-5.89,15,2075
257,2009VA,7,2025-11-06 20:17,1/35460,-5.89,14,2022
258,2015BW516,10,2052-01-30 21:47,1/52356,-5.89,16,2046
259,2019HS3,14,2055-04-21 19:40,1/292397,-5.89,28,2055
260,2020CF2,11,2112-02-10 22:57,1/14064,-5.89,12,2108
261,2021WE6,24,2119-11-14 11:13,1/151745,-5.89,16,2076
262,2010UH,14,2115-07-14 11:26,1/26737,-5.9,13,2047
263,2022CS,23,2072-01-27 22:13,1/326797,-5.9,18,2072
264,2022OT1,30,2120-02-05 10:25,1/226757,-5.9,13,2089
265,2007UO6,12,2031-10-17 06:01,1/126742,-5.91,16,2031
266,443104 2013XK22,50,2101-06-20 07:39,1/847457,-5.91,13,2101
267,2018LR3,19,2119-06-28 09:38,1/57803,-5.91,12,2077
268,2014YN,25,2105-11-06 04:59,1/91743,-5.92,12,2094
269,2017NT5,90,2102-01-12 06:57,1/7.35E6,-5.92,23,2050
270,2017SH33,700,2026-04-30 08:35,1/1.53E8,-5.92,28,2026
271,2017VJ,40,2119-11-01 12:48,1/657894,-5.92,16,2109
272,2020GO1,10,2109-04-02 20:57,1/17699,-5.92,13,2053
273,2020UK2,14,2096-10-11 00:03,1/47846,-5.94,14,2082
274,2020UT4,8,2045-10-22 07:34,1/75187,-5.94,21,2045
275,2005VN5,14,2071-11-12 13:39,1/52083,-5.94,13,2047
276,2007XZ9,40,2068-11-28 00:29,1/961538,-5.94,17,2056
277,2015MN11,40,2081-06-26 12:41,1/2.1E6,-5.94,24,2061
278,2018TP5,24,2100-10-04 15:04,1/204081,-5.94,16,2074
279,2019BU1,20,2062-01-21 18:53,1/320512,-5.94,18,2056
280,2016TQ18,20,2110-10-01 04:01,1/95238,-5.94,15,2086
281,2022UX21,240,2112-10-01 00:21,1/5.35E7,-5.95,18,2092
282,2020KN2,19,2063-06-08 08:42,1/183486,-5.95,14,2063
283,2002TY59,29,2110-10-03 10:54,1/86206,-5.95,14,2074
284,2018JN,30,2100-04-24 08:02,1/357142,-5.95,14,2100
285,2019RT3,30,2087-09-11 01:15,1/375939,-5.95,14,2075
286,2022FP2,7,2054-03-07 10:51,1/20876,-5.95,12,2054
287,2022QC1,30,2111-08-19 14:36,1/456621,-5.95,19,2103
288,2004PU42,16,2085-08-17 01:26,1/69930,-5.96,15,2071
289,2005NX55,140,2086-01-02 05:55,1/3.25E7,-5.96,28,2021
290,2008YO2,30,2079-12-24 18:26,1/714285,-5.96,20,2052
291,2016SA2,8,2111-09-26 14:02,1/9708,-5.96,12,2109
292,2019AH3,9,2060-01-06 05:48,1/59880,-5.96,21,2060
293,2021VB2,8,2072-11-08 23:14,1/17543,-5.96,14,2072
294,2020SW5,24,2110-05-02 05:56,1/268096,-5.97,19,2099
295,2022DT4,20,2099-02-27 23:17,1/114155,-5.98,13,2099
296,2005TM173,60,2052-11-16 01:43,1/2.11E6,-5.98,16,2022
297,2007TL16,20,2090-10-06 07:27,1/149031,-5.98,16,2074
298,2016DA31,4,2031-09-04 20:12,1/15527,-5.98,18,2028
299,2019FA,6,2036-03-14 11:16,1/29239,-5.98,13,2036
300,2007PR25,150,2118-08-19 23:14,1/3.97E7,-5.99,31,2094
301,2009FG,28,2077-12-24 13:05,1/333333,-5.99,14,2022
302,2017RZ15,13,2106-09-04 20:20,1/37735,-5.99,14,2067
303,2021YK,12,2099-01-04 12:59,1/34364,-6.0,13,2093
304,2020VN1,9,2115-11-03 04:58,1/11947,-6.0,12,2115
305,2022WN3,16,2082-11-21 01:53,1/204498,-6.0,22,2082
306,2020OM6,40,2106-07-14 02:30,1/366300,-6.01,12,2106
307,2009WR52,8,2060-11-22 13:00,1/17035,-6.02,12,2031
308,2019KJ4,12,2066-06-03 14:04,1/55555,-6.02,12,2059
309,2022WF1,40,2110-11-10 14:57,1/1.06E6,-6.02,16,2110
310,2013GA55,10,2114-04-06 00:56,1/22421,-6.03,15,2070
311,2012TV,30,2081-04-02 17:02,1/892857,-6.03,20,2070
312,2005AU3,23,2102-01-06 04:37,1/233644,-6.04,18,2048
313,2016NK22,6,2111-07-14 06:03,1/5291,-6.04,13,2087
314,2022UD,13,2118-10-17 08:51,1/47393,-6.04,16,2072
315,2007UD6,8,2067-10-18 22:38,1/16129,-6.05,13,2058
316,2022UG6,9,2062-10-15 20:05,1/66225,-6.05,18,2051
317,2022AP1,7,2076-01-03 04:12,1/22573,-6.06,15,2059
318,2016TY55,15,2082-10-20 04:44,1/65359,-6.06,12,2074
319,2017TW5,14,2072-10-18 20:22,1/137174,-6.06,19,2072
320,2019AW2,30,2072-12-27 15:43,1/826446,-6.07,18,2072
321,2011DV10,40,2093-02-18 04:51,1/854700,-6.07,18,2093
322,2020YB1,16,2073-12-25 07:54,1/153609,-6.07,16,2073
323,2009HS44,17,2111-09-17 12:50,1/164203,-6.08,21,2111
324,2015BE511,7,2078-01-27 11:00,1/14534,-6.08,15,2057
325,2015EO,17,2062-09-12 09:58,1/243902,-6.08,18,2048
326,2021VY4,18,2111-11-14 08:28,1/155279,-6.09,18,2103
327,2022HB2,12,2103-04-24 17:24,1/46511,-6.09,14,2079
328,2010TW54,11,2103-10-10 08:03,1/33003,-6.1,14,2074
329,2016GK2,10,2096-03-26 17:38,1/29498,-6.1,14,2086
330,2022UU14,40,2077-06-21 15:04,1/5.24E6,-6.1,31,2060
331,2007EV,30,2117-03-18 16:55,1/552486,-6.11,15,2094
332,2013NH6,80,2060-06-29 19:34,1/1.8E7,-6.11,24,2060
333,2016JB29,40,2090-06-13 03:27,1/869565,-6.11,14,2090
334,2014HN2,19,2120-03-22 16:34,1/78740,-6.11,11,2068
335,2022PX1,120,2040-08-11 15:55,1/2.47E8,-6.11,37,2040
336,2011DS,14,2080-02-24 17:57,1/86206,-6.12,13,2065
337,2014AD16,12,2087-01-08 08:33,1/49751,-6.12,14,2087
338,2020BB5,4,2107-01-23 02:03,1/3236,-6.12,14,2092
339,2021XY3,16,2072-12-06 12:30,1/284900,-6.13,20,2067
340,2021VP8,19,2110-11-26 20:24,1/126422,-6.14,13,2073
341,2010GH7,8,2111-04-02 12:36,1/32894,-6.14,12,2093
342,2018EE9,19,2115-03-09 15:18,1/208333,-6.14,19,2067
343,2021CZ7,8,2117-02-18 04:44,1/15174,-6.14,14,2040
344,2019BZ,11,2078-07-28 06:53,1/52356,-6.14,14,2077
345,2011WN69,21,2109-11-23 12:36,1/414937,-6.15,26,2038
346,2014GQ17,14,2052-06-11 03:19,1/120772,-6.15,12,2052
347,2022UT16,15,2105-10-25 18:59,1/76923,-6.15,14,2083
348,2022VQ1,23,2111-04-29 14:11,1/265957,-6.15,15,2111
349,2022MK1,60,2099-07-19 17:12,1/1.92E6,-6.16,13,2099
350,2022JV1,11,2116-05-11 17:45,1/32467,-6.16,13,2074
351,2016CK137,12,2059-02-03 13:09,1/108813,-6.16,15,2054
352,2020WD,8,2085-09-30 10:19,1/20876,-6.16,13,2055
353,2015JJ,140,2118-11-06 23:54,1/1.59E7,-6.16,15,2111
354,2022QO2,10,2070-08-20 06:33,1/105932,-6.16,21,2070
355,2006BM8,30,2113-01-21 22:58,1/613496,-6.17,19,2098
356,2009BF58,13,2083-01-22 05:25,1/59523,-6.17,13,2055
357,2012DJ54,7,2068-02-24 13:55,1/19230,-6.18,12,2068
358,2005WG57,70,2104-08-23 21:19,1/3.07E6,-6.19,15,2029
359,2017UK3,13,2115-10-27 15:52,1/212765,-6.19,17,2114
360,2022BY39,4,2107-01-22 17:22,1/2237,-6.19,11,2107
361,2022OK5,80,2120-08-02 16:59,1/8.7E6,-6.19,22,2115
362,2015RD36,110,2099-09-13 18:44,1/5.38E7,-6.19,38,2099
363,2009HW67,22,2079-04-24 14:15,1/699300,-6.2,25,2046
364,2012BA102,18,2112-01-27 01:25,1/107874,-6.2,13,2104
365,2018VA8,15,2099-11-09 17:02,1/120918,-6.2,16,2098
366,2020FZ2,30,2118-03-29 03:49,1/1.36E6,-6.2,25,2110
367,2020VO1,9,2085-11-07 20:42,1/32573,-6.2,14,2062
368,2015XX378,40,2118-12-24 17:05,1/1.4E6,-6.21,19,2118
369,2020AO1,60,2049-01-13 17:16,1/1.7E7,-6.22,20,2049
370,2015SG,18,2105-08-17 08:00,1/144508,-6.22,14,2105
371,2021EC4,50,2120-03-22 18:08,1/2.94E6,-6.22,20,2094
372,2020QF1,7,2102-08-14 22:25,1/19379,-6.22,17,2102
373,2020TO2,17,2119-10-17 23:07,1/158227,-6.22,17,2119
374,2011CU46,29,2103-08-13 19:01,1/719424,-6.23,20,2047
375,2004VZ14,30,2114-11-03 22:00,1/729927,-6.23,19,2076
376,2015KE319,17,2046-05-29 10:44,1/546448,-6.23,17,2044
377,2021UX1,5,2082-10-25 03:58,1/7462,-6.24,12,2034
378,2021PK4,8,2068-08-06 20:29,1/54945,-6.24,16,2060
379,2012BL14,8,2031-01-19 16:56,1/271002,-6.24,23,2023
380,2021NM3,17,2117-07-18 08:37,1/118906,-6.24,14,2111
381,2007YS56,25,2113-12-26 15:12,1/349650,-6.25,14,2104
382,1994GV,11,2051-04-11 15:55,1/81300,-6.26,14,2024
383,2007EH26,50,2117-09-16 02:56,1/3.32E6,-6.26,23,2109
384,2010XN69,20,2047-01-03 06:28,1/267379,-6.26,13,2034
385,2019WE,15,2044-11-22 20:27,1/375939,-6.26,14,2044
386,2021AX6,15,2062-12-30 11:24,1/198807,-6.27,13,2062
387,2008CT1,11,2116-02-06 09:30,1/58823,-6.27,18,2054
388,2014FX32,30,2076-03-12 03:20,1/1E6,-6.27,14,2076
389,2016EM156,9,2116-03-19 15:09,1/29411,-6.27,14,2108
390,2009RR,27,2108-09-17 08:34,1/568181,-6.28,17,2098
391,2016CG18,7,2062-08-07 04:21,1/26315,-6.28,12,2062
392,2017QM33,10,2084-08-25 03:57,1/103412,-6.28,21,2079
393,2017YE8,28,2118-12-26 07:25,1/621118,-6.28,18,2112
394,2020GB1,15,2073-04-06 19:36,1/167785,-6.28,14,2049
395,2021CN5,10,2112-02-15 14:45,1/62500,-6.28,20,2103
396,2021CH37,9,2120-02-19 03:44,1/26595,-6.28,13,2120
397,2001UD5,120,2107-10-10 03:44,1/2.51E7,-6.29,20,2060
398,2016LP10,4,2023-06-10 10:40,1/123456,-6.29,19,2023
399,2018CM,10,2072-02-08 09:41,1/67567,-6.29,15,2042
400,2019GD4,10,2084-02-03 22:29,1/53763,-6.29,13,2069
401,2021ER,14,2084-02-28 11:16,1/102249,-6.29,12,2076
402,2008XU2,27,2039-11-25 01:25,1/1.5E6,-6.3,15,2039
403,2010NH,26,2092-06-30 20:06,1/515463,-6.3,15,2089
404,2020UC,11,2070-10-22 02:52,1/84745,-6.3,14,2051
405,2022QU60,600,2103-04-21 15:29,1/3.51E9,-6.32,32,2103
406,2020WZ3,21,2118-05-20 14:02,1/199203,-6.32,13,2107
407,2009WQ25,60,2094-10-27 14:40,1/5.29E6,-6.32,20,2094
408,2017WL15,24,2114-05-22 19:38,1/662251,-6.33,21,2058
409,2012XM16,25,2081-12-20 00:59,1/684931,-6.33,17,2074
410,2013HT14,20,2077-04-16 13:36,1/740740,-6.33,23,2043
411,2015XR169,6,2062-12-13 16:24,1/27173,-6.33,15,2049
412,2020WN5,9,2085-05-13 04:21,1/57471,-6.33,16,2074
413,2017UJ43,10,2079-11-06 23:28,1/59880,-6.35,13,2050
414,2019TK5,12,2061-09-24 14:25,1/131406,-6.35,12,2061
415,2015HR182,200,2087-10-21 03:20,1/1.85E8,-6.35,20,2024
416,2020DK,22,2093-02-07 21:24,1/438596,-6.36,15,2089
417,2020YK3,13,2064-01-04 10:52,1/156494,-6.36,12,2061
418,2022LL1,27,2118-06-12 20:57,1/1.46E6,-6.36,27,2118
419,2012BU1,10,2102-01-14 08:59,1/55248,-6.37,14,2062
420,2017AB21,400,2026-09-28 21:33,1/1.19E9,-6.37,15,2021
421,2017RZ17,300,2027-04-24 11:22,1/5.1E9,-6.37,19,2027
422,2007HB15,10,2055-04-25 12:33,1/83333,-6.38,13,2055
423,2007US51,13,2117-11-01 12:55,1/121654,-6.38,19,2062
424,2012VS76,15,2084-11-16 16:07,1/131926,-6.38,16,2081
425,2021RL14,11,2104-09-12 08:58,1/78740,-6.38,15,2104
426,2001BA16,24,2041-01-15 01:30,1/787401,-6.39,12,2040
427,2019GK21,26,2099-04-08 22:14,1/606060,-6.39,14,2070
428,2010UC7,43,2118-11-06 08:53,1/1.83E6,-6.39,17,2112
429,2021EO,30,2113-03-17 11:03,1/840336,-6.4,13,2113
430,2012VJ38,7,2077-11-14 15:42,1/19417,-6.4,12,2031
431,2020HB3,30,2118-05-05 06:20,1/1.06E6,-6.4,16,2105
432,2020PO4,14,2053-02-06 16:58,1/295858,-6.4,13,2053
433,2022CE5,80,2111-11-12 05:10,1/4.12E7,-6.4,37,2103
434,2018DZ3,18,2110-03-04 19:18,1/255754,-6.41,15,2068
435,2017DA120,300,2107-09-14 18:12,1/1.63E8,-6.41,19,2029
436,2021RR14,15,2108-04-29 13:32,1/111856,-6.42,12,2074
437,2011BP40,29,2039-03-07 13:43,1/1.66E6,-6.42,12,2031
438,2014OX3,10,2116-07-24 17:51,1/66225,-6.42,17,2116
439,2018XR4,15,2079-12-16 14:16,1/283286,-6.42,16,2062
440,2019PG,27,2115-07-13 19:18,1/492610,-6.42,13,2101
441,2020HQ4,14,2109-04-10 01:11,1/90090,-6.42,12,2051
442,2008DA4,60,2091-02-12 08:25,1/5.62E6,-6.43,16,2091
443,2016RR1,10,2102-09-03 22:48,1/50000,-6.43,13,2063
444,2021NL8,18,2091-07-02 09:45,1/332225,-6.43,15,2052
445,2021SO1,14,2115-10-13 18:47,1/125786,-6.44,14,2084
446,2004GE2,190,2109-05-02 13:44,1/9.8E7,-6.44,23,2100
447,2011SE191,30,2118-09-23 12:47,1/1.4E6,-6.44,18,2098
448,2016AB166,50,2108-01-13 08:04,1/4.24E6,-6.44,24,2106
449,2018QE,10,2068-10-11 01:43,1/71942,-6.44,12,2046
450,2019VH,10,2065-10-24 19:19,1/117924,-6.44,14,2057
451,2007UN12,6,2089-09-18 03:16,1/15673,-6.44,11,2089
452,2015UR67,20,2091-10-25 02:33,1/440528,-6.45,16,2091
453,2022AE6,24,2084-01-25 14:54,1/840336,-6.45,15,2084
454,2022SK2,18,2082-09-13 02:02,1/909090,-6.46,26,2078
455,2005SO1,29,2110-09-21 11:08,1/884955,-6.46,16,2093
456,2011AY22,13,2106-01-17 18:36,1/159489,-6.46,17,2044
457,2015ET,16,2076-03-08 02:09,1/369003,-6.46,16,2076
458,2016JA6,19,2099-05-03 04:03,1/377358,-6.46,16,2081
459,2019UE4,10,2064-10-21 03:03,1/156985,-6.46,16,2064
460,2020BY4,21,2101-01-30 21:15,1/869565,-6.46,23,2055
461,2021JW2,11,2088-06-09 18:40,1/72992,-6.46,12,2046
462,2019SO7,80,2114-10-13 13:25,1/1.36E7,-6.46,17,2114
463,2022GA2,5,2049-04-07 13:38,1/31645,-6.47,14,2049
464,2021TW2,25,2102-10-10 13:06,1/483091,-6.48,12,2079
465,2021CU1,7,2108-02-13 20:12,1/25839,-6.48,14,2059
466,2011EB,15,2070-02-27 16:55,1/279329,-6.48,15,2070
467,2013AG69,12,2119-01-13 18:03,1/167504,-6.48,21,2113
468,2021MV,19,2056-06-25 05:06,1/781250,-6.48,15,2056
469,2010UY7,7,2109-01-01 12:40,1/19120,-6.49,12,2066
470,2013BR27,10,2073-01-16 08:39,1/120192,-6.49,16,2067
471,2018VC7,12,2049-11-12 07:13,1/203252,-6.49,12,2049
472,2016WY,5,2097-11-11 10:03,1/10362,-6.49,12,2092
473,2022TW2,7,2109-10-11 17:00,1/21367,-6.49,12,2070
474,2013AB65,11,2113-01-13 10:07,1/204081,-6.5,27,2087
475,2017FW90,8,2119-10-03 15:15,1/25252,-6.5,12,2101
476,2018EB4,29,2099-03-16 19:33,1/1.37E6,-6.5,17,2099
477,2021UN,6,2050-10-14 02:18,1/87719,-6.5,17,2050
478,2011TO,19,2064-09-27 09:29,1/564971,-6.5,14,2062
479,2022KM6,21,2065-06-07 14:23,1/1.8E6,-6.51,23,2065
480,2006WV29,18,2096-06-05 00:10,1/478468,-6.51,20,2036
481,2017SA20,8,2080-04-22 07:32,1/41841,-6.51,13,2027
482,2022CA1,12,2116-04-27 12:11,1/79365,-6.51,12,2055
483,2012PB20,40,2115-02-11 11:13,1/1.07E6,-6.51,12,2087
484,2017FB1,70,2098-03-03 20:52,1/2.44E7,-6.52,25,2092
485,2007YM,22,2089-12-03 08:10,1/282485,-6.52,14,2022
486,2014MB6,20,2075-07-08 21:21,1/769230,-6.52,17,2052
487,2018VC,19,2112-10-28 22:30,1/256410,-6.52,12,2111
488,2019DG1,16,2118-03-16 18:04,1/182149,-6.52,13,2113
489,2022BT,4,2094-01-23 04:36,1/6849,-6.53,12,2080
490,2020GA3,30,2089-04-23 04:57,1/3.17E6,-6.53,20,2054
491,2018FE3,13,2118-03-17 09:24,1/102354,-6.53,13,2118
492,2022WM9,25,2086-11-23 09:38,1/961538,-6.53,15,2086
493,2017RC,9,2115-08-30 10:08,1/62500,-6.54,15,2084
494,2018VS6,14,2083-11-09 08:12,1/301204,-6.54,16,2083
495,2009FZ4,30,2026-09-20 07:12,1/7.35E6,-6.55,15,2021
496,2021CJ3,11,2073-01-29 06:32,1/198019,-6.55,16,2062
497,2020XG,8,2111-12-03 20:56,1/57471,-6.55,16,2081
498,2007EO88,18,2110-09-19 21:28,1/341296,-6.56,16,2073
499,2009MG1,50,2118-06-16 06:06,1/6.41E6,-6.56,20,2079
500,2009TU,12,2086-10-09 23:02,1/223214,-6.56,19,2084
501,2014SR261,15,2058-09-19 03:08,1/714285,-6.56,19,2058
502,2017TA5,13,2088-10-07 07:44,1/202020,-6.56,16,2063
503,2017UP43,19,2111-10-29 21:03,1/325732,-6.56,14,2105
504,2021DG,3,2050-02-19 01:54,1/24509,-6.56,17,2044
505,2022DO3,15,2104-02-28 15:22,1/323624,-6.56,19,2075
506,2022NX,16,2114-07-19 01:43,1/197238,-6.56,12,2069
507,2009HC,40,2113-04-11 09:43,1/1.5E6,-6.57,12,2095
508,2015TL21,18,2078-10-05 19:04,1/746268,-6.57,19,2061
509,2017YV8,12,2099-12-19 05:42,1/119189,-6.57,13,2073
510,2008KN11,80,2046-06-20 19:10,1/4.74E7,-6.58,18,2046
511,2012UU158,15,2070-10-20 05:17,1/411522,-6.58,17,2040
512,2022OR1,9,2114-07-16 11:59,1/49751,-6.59,12,2107
513,2022JR1,12,2067-05-08 05:25,1/518134,-6.6,23,2065
514,2005TA,13,2110-10-06 14:10,1/102459,-6.6,12,2082
515,2021US1,10,2087-12-09 09:10,1/85470,-6.6,12,2087
516,2010FD,22,2085-03-08 17:21,1/735294,-6.61,15,2085
517,2011QF48,30,2067-08-26 23:58,1/4.61E6,-6.61,23,2067
518,2013PG10,10,2064-02-10 22:06,1/138121,-6.61,13,2056
519,2022SL28,11,2114-03-26 10:38,1/146627,-6.61,17,2072
520,2017QF3,9,2046-02-16 12:02,1/332225,-6.62,17,2043
521,2020MP1,22,2105-06-26 12:41,1/558659,-6.62,14,2105
522,2015CL13,26,2090-02-15 16:09,1/1.56E6,-6.62,18,2084
523,2021WV1,7,2048-12-09 21:04,1/90909,-6.63,11,2048
524,2008VM,3,2031-11-04 17:35,1/27247,-6.63,15,2025
525,2011BU59,21,2118-01-17 04:49,1/473933,-6.63,16,2080
526,2019NK1,4,2110-07-03 13:09,1/7575,-6.63,14,2089
527,2015DQ224,5,2049-02-17 14:44,1/61349,-6.64,18,2041
528,2007TX22,8,2060-10-12 05:49,1/80645,-6.64,14,2044
529,2016TQ2,18,2110-10-04 13:13,1/598802,-6.64,19,2110
530,2017RN16,5,2104-09-11 21:44,1/21276,-6.64,14,2060
531,2022UU8,9,2120-10-28 00:00,1/51020,-6.64,12,2108
532,2021RF12,9,2068-09-10 12:34,1/181159,-6.65,17,2055
533,2001HJ31,60,2116-04-11 17:17,1/6.58E6,-6.65,16,2116
534,2006WZ184,22,2108-11-25 09:32,1/495049,-6.65,13,2078
535,2014SR223,16,2063-09-27 15:07,1/862068,-6.66,19,2063
536,2015XP,25,2067-12-04 01:49,1/1.49E6,-6.66,14,2067
537,1991BA,7,2023-01-18 01:43,1/299401,-6.67,22,2023
538,2008YV32,19,2096-01-10 10:12,1/483091,-6.67,14,2085
539,2010TD,15,2080-09-27 11:52,1/694444,-6.67,22,2072
540,2020AW,6,2072-01-17 09:19,1/46082,-6.67,12,2063
541,2022MH,12,2118-06-21 01:58,1/157232,-6.67,16,2118
542,2022WO6,6,2096-11-22 00:37,1/26809,-6.67,13,2063
543,2013RS43,14,2096-09-16 03:09,1/209643,-6.69,13,2096
544,2012CL17,26,2108-02-07 05:30,1/2.21E6,-6.69,24,2098
545,2017MZ8,110,2026-10-16 16:55,1/3.97E8,-6.69,15,2023
546,2022KE5,9,2075-05-27 08:58,1/246305,-6.69,20,2075
547,2022NK,12,2105-01-01 19:32,1/256410,-6.69,17,2057
548,2021RM10,30,2088-09-21 08:48,1/2.46E6,-6.7,16,2057
549,2001SB170,120,2095-03-17 18:52,1/5.88E7,-6.71,25,2082
550,2008OO1,40,2107-07-23 14:01,1/5.21E6,-6.71,17,2088
551,2020FK6,9,2081-03-12 14:40,1/145985,-6.71,17,2054
552,2021FT1,40,2097-03-23 04:26,1/9.71E6,-6.71,22,2097
553,1997UA11,30,2073-10-24 02:06,1/2.79E6,-6.72,16,2053
554,2017DG16,5,2084-02-25 01:22,1/19841,-6.72,13,2066
555,2018DN4,8,2023-02-22 11:54,1/2.75E6,-6.72,23,2023
556,2019UL,6,2112-10-09 13:40,1/26595,-6.72,12,2068
557,2021UA7,6,2046-10-26 13:37,1/396825,-6.72,30,2046
558,2016LG10,28,2108-06-06 00:43,1/1.32E6,-6.73,14,2108
559,2019ED1,11,2073-03-01 10:50,1/247524,-6.73,15,2070
560,1999RZ31,60,2056-09-05 02:32,1/1.8E7,-6.74,14,2056
561,2019YV1,30,2104-12-20 02:16,1/1.66E6,-6.74,13,2101
562,2022OZ5,40,2110-04-13 12:20,1/3.14E6,-6.75,16,2098
563,2011YC63,6,2034-12-30 01:31,1/241545,-6.75,22,2034
564,2017RK2,9,2083-09-26 06:52,1/112233,-6.75,13,2083
565,2019XV,5,2100-10-30 11:41,1/18518,-6.75,11,2056
566,2020UX4,25,2111-08-28 06:22,1/990099,-6.76,14,2074
567,2009EW,19,2081-03-06 09:42,1/934579,-6.76,17,2066
568,2013FU13,13,2088-03-12 20:35,1/213675,-6.76,13,2070
569,2017QT1,15,2050-01-30 17:05,1/2.11E6,-6.77,23,2050
570,2004BN41,25,2098-02-05 06:41,1/1.05E6,-6.78,14,2086
571,2009ST171,15,2066-09-30 03:29,1/534759,-6.78,14,2066
572,2012EP10,5,2096-02-21 13:10,1/20790,-6.78,12,2056
573,2012KP24,18,2032-05-28 14:06,1/3.27E6,-6.78,17,2032
574,2016TT,22,2092-09-26 11:53,1/1.26E6,-6.78,16,2083
575,2018BD,3,2032-01-18 12:30,1/59171,-6.78,14,2032
576,2017AA21,21,2028-02-06 15:11,1/7.19E6,-6.78,14,2027
577,2021ST,22,2097-10-11 14:00,1/1.03E6,-6.78,14,2068
578,2022HO2,28,2065-05-01 00:29,1/5.38E6,-6.79,19,2065
579,2022UQ20,12,2109-11-06 08:08,1/207039,-6.79,14,2099
580,2015TG24,16,2110-10-14 07:47,1/420168,-6.8,15,2102
581,2017SU17,9,2093-09-24 15:43,1/113895,-6.8,14,2055
582,2021UV1,12,2117-10-26 21:35,1/220264,-6.81,15,2111
583,2008LD,6,2113-05-31 00:33,1/26455,-6.81,12,2054
584,2021GB10,6,2079-04-11 10:40,1/129533,-6.82,20,2057
585,2021WF3,5,2074-12-02 09:02,1/45662,-6.82,16,2074
586,2016JN38,5,2072-04-30 15:08,1/107526,-6.83,23,2039
587,2019YM,22,2117-12-21 04:58,1/1.71E6,-6.83,21,2041
588,2020VK,10,2075-11-05 12:38,1/507614,-6.83,23,2064
589,2011UL169,8,2057-10-25 16:01,1/168634,-6.83,15,2052
590,2014WA,8,2049-11-16 03:31,1/246913,-6.84,15,2049
591,2020PJ6,27,2074-05-09 14:58,1/1.83E6,-6.84,11,2074
592,2017QU34,8,2083-08-26 03:57,1/155763,-6.85,18,2083
593,2021JZ5,8,2086-05-11 12:52,1/177935,-6.85,20,2075
594,2020WF5,10,2095-11-27 10:44,1/175438,-6.85,14,2082
595,2018LT5,30,2095-12-15 20:37,1/7.09E6,-6.85,22,2059
596,2022QN6,18,2066-08-25 12:11,1/1.03E6,-6.85,13,2066
597,2021CC7,4,2100-02-11 13:46,1/14513,-6.86,12,2100
598,2021RS100,6,2036-09-07 01:14,1/628930,-6.86,23,2035
599,2022RL,7,2082-08-31 13:52,1/85470,-6.86,14,2071
600,2018RB2,12,2102-09-06 14:37,1/286532,-6.87,14,2092
601,2021AB4,15,2100-01-08 01:15,1/413223,-6.87,13,2078
602,2017AY20,220,2029-10-31 09:54,1/1.11E10,-6.87,22,2027
603,1997TC25,40,2096-09-28 05:05,1/3.8E6,-6.87,15,2051
604,2022SY24,5,2120-09-27 08:15,1/40000,-6.87,16,2049
605,2011UC64,9,2093-10-24 11:54,1/271739,-6.88,18,2084
606,2018VP6,13,2088-11-07 21:29,1/497512,-6.88,16,2088
607,2018XF2,20,2119-12-06 04:24,1/813008,-6.88,15,2119
608,2020RJ2,5,2087-10-18 12:17,1/30120,-6.88,12,2064
609,2021XK1,19,2111-06-03 04:27,1/806451,-6.88,14,2100
610,2021RP2,3,2065-09-08 21:19,1/15673,-6.89,12,2050
611,2018GG4,20,2058-04-16 09:27,1/3.42E6,-6.89,20,2058
612,2018RF5,12,2103-09-02 13:03,1/246305,-6.89,14,2103
613,2018VT5,7,2097-11-05 06:02,1/87719,-6.89,15,2081
614,2016JO38,40,2117-09-23 14:29,1/4.59E6,-6.9,14,2099
615,2020HF,30,2110-04-16 20:36,1/2.65E6,-6.9,14,2089
616,2009WW7,6,2108-11-20 01:08,1/43290,-6.91,14,2050
617,2015FA345,50,2046-03-16 23:26,1/2.79E7,-6.91,15,2024
618,2015FF36,18,2073-05-21 09:22,1/1.06E6,-6.91,14,2073
619,2015VP64,8,2087-11-09 11:19,1/266666,-6.91,24,2037
620,2020HN,7,2065-03-14 19:41,1/97087,-6.91,12,2055
621,2018QS,20,2084-08-13 11:05,1/1.29E6,-6.92,15,2084
622,2022UM1,13,2095-10-15 12:13,1/386100,-6.93,14,2095
623,2013PS13,12,2096-08-12 09:20,1/675675,-6.93,21,2096
624,2018FL29,3,2026-11-20 16:39,1/193798,-6.93,17,2024
625,2020TD7,15,2113-10-09 06:42,1/512820,-6.93,14,2076
626,2010FN,17,2082-10-12 20:25,1/862068,-6.94,13,2079
627,2013TV132,18,2111-10-05 01:22,1/680272,-6.94,14,2099
628,2016CH30,9,2103-02-16 03:21,1/89285,-6.94,12,2100
629,2017KQ27,24,2117-06-06 13:41,1/1.65E6,-6.94,16,2092
630,2020YM1,4,2102-12-23 15:40,1/17889,-6.94,12,2091
631,2019CJ4,29,2116-08-19 17:11,1/2.48E6,-6.94,16,2075
632,2016BE,70,2117-02-04 07:59,1/1.76E7,-6.94,14,2117
633,2021VN22,180,2069-07-29 11:18,1/4.24E8,-6.95,15,2037
634,2020PU1,18,2070-12-08 16:51,1/1.22E6,-6.95,14,2066
635,2017WE28,16,2057-11-23 09:20,1/1.39E6,-6.95,14,2038
636,2020HW7,13,2044-12-06 16:25,1/1.23E6,-6.95,14,2044
637,2011CW46,40,2055-08-15 14:06,1/1.95E7,-6.95,20,2032
638,2012CU,22,2100-02-01 19:22,1/1.59E6,-6.96,16,2040
639,1993UA,29,2111-10-21 04:54,1/1.98E6,-6.96,15,2111
640,2004DA53,9,2111-02-25 15:01,1/138121,-6.96,15,2095
641,2006SR131,9,2072-09-24 18:25,1/204081,-6.96,14,2045
642,2019VD,12,2105-11-12 22:34,1/333333,-6.96,16,2087
643,2021WL2,15,2095-12-17 17:47,1/564971,-6.96,13,2092
644,2018AU18,11,2046-11-16 22:29,1/917431,-6.97,15,2046
645,2021WE3,30,2109-11-25 15:12,1/4.52E6,-6.97,17,2027
646,2008BC15,17,2094-07-22 19:36,1/1.7E6,-6.98,23,2072
647,2009YR,9,2060-09-20 03:04,1/196463,-6.98,12,2060
648,2018HJ2,40,2114-03-10 09:31,1/5.78E6,-6.99,14,2093
649,2020CQ,14,2112-02-01 12:32,1/714285,-6.99,19,2051
650,2022SL4,23,2118-09-10 21:55,1/2.24E6,-6.99,19,2118
651,2017BG92,6,2072-01-17 17:34,1/91743,-7.0,12,2072
652,2019KL,18,2052-05-25 07:54,1/3.52E6,-7.0,18,2051
653,2021GT,20,2072-04-09 02:27,1/2.36E6,-7.0,16,2072
654,2021VZ22,8,2117-11-22 03:17,1/111358,-7.0,15,2072
655,2018PU23,8,2079-06-12 19:16,1/144092,-7.01,11,2072
656,2021XZ2,21,2113-12-14 07:49,1/2.67E6,-7.01,22,2113
657,2021XZ5,8,2078-12-09 22:32,1/168634,-7.01,14,2078
658,2022UF,13,2101-10-14 20:12,1/529100,-7.02,15,2101
659,2021TG10,10,2083-10-05 19:01,1/409836,-7.02,17,2058
660,2006DN,50,2056-04-22 01:20,1/1.26E7,-7.03,12,2056
661,2019QE7,16,2097-08-24 07:58,1/884955,-7.03,15,2097
662,2021TX2,30,2115-10-18 16:24,1/4.24E6,-7.03,16,2115
663,2022WQ6,19,2074-12-08 20:24,1/2.39E6,-7.04,17,2070
664,2006CD,300,2026-07-12 07:53,1/2.13E9,-7.04,15,2025
665,2014TL,10,2111-10-01 18:53,1/190476,-7.04,15,2072
666,2020YL,14,2097-12-26 14:26,1/621118,-7.04,14,2097
667,2018FK5,8,2110-10-03 22:21,1/155763,-7.05,16,2080
668,2020GZ1,14,2099-04-03 00:21,1/1.86E6,-7.05,25,2039
669,2013XU21,21,2055-12-12 18:15,1/3.4E6,-7.05,16,2055
670,2007EN88,18,2104-03-13 12:35,1/1.23E6,-7.06,17,2084
671,2009FP32,10,2117-04-03 11:12,1/314465,-7.06,19,2073
672,2022GB2,6,2084-03-29 09:02,1/77519,-7.06,13,2057
673,2022QO,18,2108-08-12 22:48,1/1.04E6,-7.06,15,2104
674,2017VV12,9,2062-11-15 22:00,1/323624,-7.07,13,2062
675,2021LD6,13,2108-06-25 14:05,1/340136,-7.08,12,2106
676,2019DX,14,2098-03-04 18:58,1/917431,-7.08,17,2051
677,2022JK,16,2093-10-29 21:54,1/2.87E6,-7.08,28,2093
678,2021MU,12,2108-06-15 04:44,1/293255,-7.08,12,2100
679,2014AG51,4,2072-08-27 10:36,1/50000,-7.08,19,2049
680,2006QK33,70,2116-08-23 04:20,1/1.85E7,-7.08,17,2116
681,2010NN,8,2110-07-04 19:40,1/109890,-7.08,14,2049
682,2017RP16,13,2065-09-08 02:34,1/943396,-7.08,15,2065
683,2018RQ4,15,2098-11-21 02:00,1/657894,-7.08,13,2098
684,2022GF17,16,2121-04-06 05:27,1/1.23E6,-7.08,19,2065
685,2021OE1,20,2105-08-03 21:21,1/1.66E6,-7.09,15,2091
686,2022BF,13,2100-01-27 18:39,1/781250,-7.09,17,2092
687,2020TF6,11,2056-10-20 06:26,1/1E6,-7.09,17,2056
688,2008GM2,8,2093-04-03 06:26,1/111482,-7.09,12,2083
689,2020PU3,15,2114-08-06 09:50,1/680272,-7.09,15,2113
690,2020SN5,8,2043-09-24 00:48,1/925926,-7.09,17,2043
691,2022AU,5,2096-01-04 09:46,1/62893,-7.1,13,2084
692,2014WC201,21,2119-12-05 09:30,1/1.38E6,-7.1,16,2102
693,2021TJ15,7,2056-10-17 02:34,1/432900,-7.1,17,2056
694,2010UR7,12,2086-10-28 16:09,1/689655,-7.11,17,2079
695,2013RR43,30,2050-09-08 18:02,1/1.83E7,-7.11,22,2050
696,2017YO3,8,2049-12-19 19:51,1/452488,-7.11,14,2049
697,2021XP2,27,2086-12-05 21:05,1/4E6,-7.12,13,2071
698,2018WJ,10,2045-11-17 22:14,1/2E6,-7.12,22,2045
699,2021TV10,10,2078-10-15 06:47,1/520833,-7.12,16,2067
700,2021WC3,7,2096-12-02 13:41,1/191570,-7.13,17,2085
701,2007SN6,40,2059-09-18 15:11,1/1.77E7,-7.13,21,2022
702,2013UR1,10,2050-10-21 19:12,1/1.63E6,-7.13,24,2043
703,2014HJ198,18,2034-04-21 14:36,1/1.42E7,-7.13,25,2034
704,2015WP2,3,2089-11-19 22:14,1/34965,-7.13,17,2077
705,2021UK20,7,2039-10-25 15:43,1/3.45E6,-7.13,15,2028
706,2021TO6,50,2100-07-24 08:03,1/1.32E7,-7.13,14,2100
707,2013VD17,13,2117-11-12 15:56,1/632911,-7.14,16,2075
708,2019PO1,9,2116-08-08 16:58,1/155038,-7.14,11,2085
709,2013BR15,30,2100-01-02 18:03,1/8.26E6,-7.15,18,2100
710,2015VK1,18,2109-11-01 10:44,1/1.85E6,-7.15,18,2103
711,2021FP2,3,2113-03-24 22:51,1/21505,-7.15,14,2074
712,2016EV84,16,2080-03-11 06:50,1/1.19E6,-7.16,13,2056
713,2018CA15,22,2038-02-05 23:35,1/7.46E6,-7.16,12,2028
714,2021UW1,21,2104-11-01 08:45,1/2.67E6,-7.16,18,2092
715,2019WF24,10,2061-11-21 11:49,1/1.17E6,-7.16,21,2061
716,2011YC40,4,2028-12-27 12:17,1/238095,-7.17,16,2028
717,2020VH5,5,2101-11-14 08:18,1/63291,-7.17,13,2101
718,2021OV,10,2039-01-18 21:43,1/2.36E6,-7.17,18,2039
719,2021VP11,15,2038-11-09 23:37,1/19157,-7.17,14,2028
720,2016UB26,40,2066-03-14 10:41,1/2.68E7,-7.17,21,2066
721,2007VH189,80,2037-10-31 04:37,1/2.92E8,-7.18,22,2037
722,2017DW119,16,2067-01-17 16:16,1/1.77E6,-7.18,14,2023
723,2019BO,8,2078-01-15 22:55,1/289855,-7.18,13,2055
724,2021AH,7,2043-01-05 00:00,1/1.39E6,-7.18,24,2043
725,2022WM6,10,2071-11-26 18:40,1/1.36E6,-7.18,25,2071
726,2008LE,40,2035-05-23 23:31,1/2.7E7,-7.19,13,2028
727,2013YB,18,2024-12-23 09:00,1/46082,-7.19,14,2022
728,2016AU193,30,2109-12-31 16:11,1/1.09E7,-7.19,24,2109
729,2021DA2,5,2064-02-21 20:11,1/126422,-7.19,13,2064
730,2007EZ25,28,2087-03-04 18:02,1/9.8E6,-7.2,24,2063
731,2017TB,5,2095-10-03 14:37,1/70422,-7.2,13,2053
732,2008TE,10,2023-09-25 11:01,1/2.66E6,-7.21,16,2023
733,2017RU2,25,2093-10-02 03:51,1/3.34E6,-7.21,14,2093
734,2019TC2,9,2113-10-01 04:39,1/344827,-7.21,16,2107
735,2020BH3,21,2104-01-24 19:49,1/2E6,-7.21,13,2059
736,2004FM4,40,2119-03-23 07:53,1/1.44E7,-7.22,19,2116
737,2004XB45,20,2035-12-18 01:53,1/9.26E6,-7.22,20,2035
738,2006GU2,10,2084-10-09 18:15,1/364963,-7.22,13,2022
739,2018LM,30,2116-06-01 12:22,1/3.91E6,-7.22,12,2114
740,2022VD,6,2117-11-05 12:31,1/86956,-7.22,14,2110
741,2022WT6,22,2109-12-05 00:44,1/5.15E6,-7.22,23,2101
742,2022WC,19,2060-11-14 06:01,1/1.26E7,-7.22,30,2060
743,2022SD29,18,2110-09-16 11:47,1/1.14E6,-7.23,12,2110
744,2018FY2,25,2093-03-07 01:29,1/8.26E6,-7.23,23,2046
745,2019QU3,6,2117-08-19 03:04,1/96153,-7.23,13,2060
746,2020TK3,11,2102-10-19 03:03,1/617283,-7.23,16,2063
747,2020VN6,10,2118-11-05 14:45,1/338983,-7.23,14,2098
748,2022CU4,5,2108-02-06 08:49,1/51020,-7.23,12,2081
749,2021OK1,13,2111-07-28 20:52,1/877193,-7.24,17,2101
750,2015YM1,7,2096-06-16 15:47,1/173913,-7.24,13,2067
751,2016CL18,60,2094-08-11 00:13,1/3.31E7,-7.24,16,2033
752,2010UB,40,2119-10-30 02:26,1/8.06E6,-7.25,14,2116
753,2020QJ5,15,2056-08-16 14:35,1/2.84E6,-7.25,15,2053
754,2003DW10,21,2046-03-02 09:11,1/4.65E6,-7.25,14,2046
755,2008WO2,4,2092-11-18 23:16,1/36231,-7.25,13,2065
756,2009BR5,140,2059-07-21 06:41,1/5.68E8,-7.25,21,2059
757,2010HP20,11,2053-04-18 20:39,1/751879,-7.25,14,2021
758,2019CZ1,50,2115-01-24 16:14,1/3.94E7,-7.25,25,2103
759,2020CE1,25,2121-01-25 01:31,1/4.5E6,-7.25,18,2121
760,2018WH,4,2053-11-16 05:30,1/86206,-7.26,13,2053
761,2021UL7,24,2121-01-05 13:03,1/2.17E6,-7.27,11,2095
762,2012TU231,20,2111-10-13 20:50,1/2.28E6,-7.28,15,2110
763,2021GN10,7,2116-04-17 03:05,1/243902,-7.28,16,2075
764,2020BH,8,2120-01-02 10:21,1/152671,-7.29,12,2104
765,2020PX5,4,2118-08-13 11:30,1/52910,-7.29,15,2081
766,2006UC64,40,2069-04-18 12:57,1/2.78E7,-7.3,23,2069
767,2007UT3,25,2075-08-29 00:12,1/5.43E6,-7.3,14,2062
768,2008TS10,6,2098-09-19 07:47,1/102669,-7.3,12,2068
769,2016FZ13,8,2109-03-23 09:01,1/162601,-7.3,12,2108
770,2020YA1,16,2110-10-09 11:16,1/900900,-7.3,12,2103
771,2022GP,19,2103-04-11 03:52,1/4.03E6,-7.31,21,2065
772,2021PA15,20,2114-08-06 06:57,1/2.36E6,-7.31,14,2114
773,2008EA9,10,2081-12-21 04:40,1/378787,-7.31,11,2061
774,2017MD1,40,2068-02-07 09:47,1/2.55E7,-7.31,18,2067
775,2018EV3,13,2081-03-05 05:59,1/1.61E6,-7.31,17,2081
776,2006BF56,4,2106-01-28 16:07,1/162074,-7.32,28,2053
777,2007DC,11,2048-02-08 06:39,1/1.16E6,-7.32,13,2042
778,2012BW13,13,2095-01-27 14:30,1/1.07E6,-7.32,16,2072
779,2022VF,9,2092-05-03 19:56,1/425531,-7.32,13,2090
780,2008UA202,5,2066-10-12 01:39,1/86956,-7.33,11,2041
781,2010TN55,14,2111-10-12 22:55,1/2.59E6,-7.33,28,2062
782,2021VW6,6,2102-11-14 01:08,1/234741,-7.33,20,2072
783,2013CY,8,2098-11-29 13:58,1/206611,-7.33,11,2068
784,2020UC4,21,2118-06-19 01:01,1/2.65E6,-7.34,14,2084
785,2016TC57,14,2112-10-14 09:04,1/934579,-7.34,14,2112
786,2021VN10,8,2079-11-10 21:41,1/571428,-7.35,16,2069
787,2007CS5,40,2109-07-22 13:55,1/8.06E6,-7.35,12,2094
788,2018RR1,4,2103-09-07 03:06,1/32573,-7.35,12,2084
789,2019GS19,27,2102-04-12 21:25,1/8E6,-7.35,18,2069
790,2020KU,7,2089-05-24 02:06,1/230946,-7.35,13,2070
791,2005BS1,12,2024-01-14 10:29,1/4.88E6,-7.36,17,2024
792,2021VG1,20,2077-11-01 18:09,1/5.18E6,-7.36,16,2077
793,2021PM1,30,2056-10-03 03:11,1/2.02E7,-7.37,15,2056
794,2020SY4,12,2097-09-30 08:45,1/1.4E6,-7.37,19,2069
795,2005UA1,19,2036-10-19 18:39,1/1.04E7,-7.37,18,2033
796,2018FQ3,7,2114-03-20 06:21,1/215053,-7.37,16,2070
797,2018LV3,17,2061-06-13 23:22,1/4.65E6,-7.37,16,2061
798,2021EP3,16,2113-03-16 06:33,1/3.45E6,-7.37,22,2104
799,2021FO1,5,2112-03-24 12:30,1/69444,-7.38,13,2080
800,2017HJ61,6,2029-04-22 20:41,1/1.48E6,-7.38,18,2029
801,2021TV1,8,2072-10-03 02:58,1/571428,-7.39,15,2072
802,2021RN,16,2105-09-02 05:32,1/3.11E6,-7.39,21,2105
803,2018DB,11,2119-02-24 15:21,1/917431,-7.39,20,2068
804,2018TS6,8,2104-10-03 01:13,1/309597,-7.39,13,2068
805,2019RQ2,29,2080-12-24 05:21,1/1.24E7,-7.39,16,2080
806,2008UA92,12,2078-11-01 18:07,1/1.15E6,-7.4,14,2078
807,2018LD1,19,2116-09-19 06:27,1/2.56E6,-7.4,16,2089
808,2018SD2,7,2087-09-21 00:45,1/246305,-7.4,12,2078
809,2021PL132,7,2086-08-02 22:10,1/408163,-7.4,17,2086
810,1993HP1,14,2065-04-26 15:45,1/2.05E6,-7.41,15,2065
811,2010JH80,40,2082-05-05 10:44,1/7.46E7,-7.41,29,2074
812,2016EP84,12,2092-02-01 03:04,1/666666,-7.41,11,2084
813,2017SS12,13,2089-09-24 20:34,1/1.5E6,-7.41,15,2074
814,2021VQ10,13,2095-11-07 10:33,1/1.86E6,-7.42,18,2052
815,2003WT153,9,2048-08-30 22:06,1/625000,-7.42,12,2048
816,2012SU9,13,2111-01-11 14:04,1/1.07E6,-7.42,16,2082
817,2016WN7,9,2095-11-22 02:52,1/465116,-7.42,13,2095
818,2020TD5,17,2118-10-09 03:13,1/1.9E6,-7.42,14,2118
819,2016EG28,10,2099-03-04 16:00,1/869565,-7.42,18,2079
820,2022OC3,7,2096-02-09 18:07,1/250626,-7.42,12,2057
821,2011FA23,6,2063-03-31 07:01,1/406504,-7.43,18,2025
822,2012HE31,23,2100-09-14 18:54,1/4.65E6,-7.43,15,2046
823,2022RJ2,14,2080-09-12 05:35,1/3.45E6,-7.43,20,2072
824,2022WR4,4,2106-11-23 04:10,1/52356,-7.43,14,2089
825,2008EM68,11,2046-09-13 01:10,1/1.98E6,-7.44,20,2021
826,2019NP5,11,2116-06-26 22:17,1/467289,-7.44,12,2111
827,2021VT4,13,2058-11-07 08:54,1/6.13E6,-7.45,23,2058
828,2008BN16,23,2083-01-21 22:34,1/1.22E7,-7.45,22,2067
829,2010RM80,9,2108-09-05 17:02,1/362318,-7.45,12,2085
830,2020PW2,6,2100-08-15 04:00,1/250626,-7.45,15,2073
831,2020VV6,7,2072-05-23 09:42,1/680272,-7.45,17,2063
832,2021GR,8,2097-04-02 10:20,1/396825,-7.46,13,2077
833,2022GU3,27,2116-04-25 22:27,1/6.1E6,-7.46,14,2109
834,2021JY3,7,2102-05-14 09:56,1/242130,-7.47,12,2077
835,2006HE2,18,2081-10-06 10:15,1/2.38E6,-7.47,12,2062
836,2008CJ,12,2106-02-02 01:48,1/735294,-7.47,13,2061
837,2019NL4,21,2074-07-06 08:23,1/9.35E6,-7.47,18,2074
838,2022UY12,7,2100-10-25 02:00,1/531914,-7.47,20,2094
839,2015BY3,11,2033-07-11 01:09,1/7.25E6,-7.48,20,2033
840,2021FU,12,2088-03-27 09:30,1/1.34E6,-7.49,14,2079
841,2014KC45,5,2066-05-26 23:39,1/186219,-7.49,14,2066
842,2022SJ28,19,2116-10-04 21:33,1/3.34E6,-7.49,15,2104
843,2016HF3,40,2110-05-20 13:08,1/1.66E7,-7.5,14,2078
844,2021SF1,13,2103-12-05 19:21,1/943396,-7.5,12,2103
845,2022FZ3,6,2047-03-24 04:28,1/675675,-7.5,14,2047
846,2011SE58,11,2055-09-27 16:11,1/2.65E6,-7.51,19,2042
847,2021WM4,10,2081-11-29 01:51,1/1.81E6,-7.52,20,2075
848,2002XV90,30,2101-12-12 01:33,1/9.71E6,-7.52,14,2090
849,2008HC38,21,2029-04-23 02:39,1/2.75E7,-7.52,18,2029
850,2010VN1,8,2054-11-02 22:58,1/917431,-7.52,16,2046
851,2018JL1,16,2114-05-15 15:35,1/1.61E6,-7.52,13,2112
852,2019FU1,12,2098-03-26 10:43,1/2.67E6,-7.52,23,2085
853,2009TM8,7,2093-10-18 03:02,1/299401,-7.53,14,2079
854,2019AK12,11,2119-01-14 15:12,1/1.38E6,-7.53,19,2113
855,2022TX1,70,2111-09-16 04:14,1/7.41E7,-7.54,15,2109
856,2001YN2,40,2079-12-16 04:55,1/1.74E7,-7.54,22,2020
857,2015QS8,15,2116-08-25 06:17,1/1.12E6,-7.54,14,2116
858,2020XV6,100,2099-12-11 19:04,1/1.07E9,-7.55,36,2099
859,2021UZ6,30,2106-11-05 06:33,1/1.29E7,-7.56,14,2106
860,2021WZ1,16,2103-12-02 15:09,1/3.8E6,-7.56,17,2068
861,2004FY3,30,2116-03-19 14:52,1/1.42E7,-7.56,16,2116
862,2006UJ185,9,2116-11-01 16:40,1/877193,-7.56,19,2051
863,2009MU,40,2099-06-24 01:20,1/3.7E7,-7.56,17,2096
864,2010DG77,315,2071-01-11 16:01,1/1.67E9,-7.56,17,2031
865,2022AY6,19,2087-01-19 08:58,1/1.19E7,-7.56,25,2084
866,2000SZ162,13,2070-06-22 13:44,1/1.37E6,-7.57,12,2066
867,2021HC2,6,2092-04-13 12:20,1/238663,-7.57,12,2092
868,2022VQ,28,2122-03-18 20:44,1/8.7E6,-7.58,14,2117
869,2002EM7,50,2117-03-09 06:31,1/1.51E7,-7.58,15,2096
870,2006YE,12,2112-01-20 22:22,1/934579,-7.58,13,2065
871,2018BP6,40,2074-02-03 04:17,1/5.85E7,-7.58,18,2074
872,2020TD8,14,2096-10-27 21:26,1/2.07E6,-7.58,13,2057
873,2021AL1,30,2105-05-13 01:02,1/1.88E7,-7.58,17,2105
874,2009TB,5,2025-09-30 15:37,1/943396,-7.59,14,2025
875,2014FE,11,2081-03-17 03:39,1/2.9E6,-7.59,23,2054
876,2016WU,12,2109-05-16 03:47,1/884955,-7.59,13,2089
877,2021EA,9,2058-03-02 22:56,1/1.61E6,-7.59,15,2058
878,2022KM4,230,2075-01-13 22:10,1/6.8E9,-7.6,27,2075
879,2021EF3,5,2109-03-01 13:24,1/110864,-7.6,12,2106
880,2015GB1,17,2052-04-17 06:47,1/6.8E6,-7.6,13,2031
881,2017DP109,15,2086-03-02 03:44,1/3.62E6,-7.6,17,2057
882,2020UA,7,2076-10-19 13:22,1/574712,-7.6,13,2068
883,2022UW15,3,2061-10-30 07:02,1/124843,-7.6,13,2057
884,2010BO127,500,2036-09-20 12:58,1/4.18E9,-7.61,18,2036
885,2014HB177,8,2085-05-03 22:35,1/515463,-7.61,13,2059
886,2019WU,14,2108-12-05 05:48,1/2.02E6,-7.61,15,2069
887,2005UL6,40,2068-10-28 00:25,1/5.49E7,-7.62,16,2061
888,2014WE6,3,2104-11-07 08:44,1/40322,-7.62,12,2104
889,2017YD1,4,2102-12-11 23:04,1/56818,-7.62,11,2102
890,2018WH1,7,2080-11-22 22:31,1/392156,-7.62,12,2067
891,2009WJ6,11,2049-11-20 12:41,1/4.93E6,-7.63,21,2049
892,2016NJ56,40,2036-12-17 17:53,1/9.09E7,-7.63,12,2036
893,2021RQ2,4,2118-09-07 10:52,1/86206,-7.63,12,2074
894,2020SN6,6,2092-09-23 00:07,1/282485,-7.63,12,2044
895,2011UR63,25,2110-10-19 04:06,1/1.03E7,-7.64,17,2110
896,2015VO142,6,2078-12-06 13:10,1/216919,-7.64,12,2046
897,2010EC46,220,2033-09-11 02:22,1/2.53E10,-7.64,31,2033
898,2021UG2,9,2103-10-27 13:40,1/1.15E6,-7.64,17,2075
899,2005TH50,9,2055-11-30 08:33,1/1.02E6,-7.65,12,2055
900,2018EZ2,17,2118-03-15 11:51,1/3.22E6,-7.65,15,2107
901,2014JV79,30,2023-11-14 15:21,1/1.41E8,-7.65,15,2023
902,2018EL4,30,2115-03-08 18:29,1/1.08E7,-7.65,12,2102
903,2019YA3,18,2064-12-07 00:06,1/7.69E6,-7.65,14,2064
904,2014HV2,23,2113-04-29 12:35,1/8.7E6,-7.66,17,2095
905,2020LV,30,2114-06-22 02:22,1/1.06E7,-7.66,12,2107
906,2020PC,9,2100-08-30 01:04,1/564971,-7.66,11,2056
907,2005GQ33,60,2081-10-25 08:37,1/4.05E8,-7.66,24,2081
908,2021GW6,8,2057-04-08 14:17,1/3.68E6,-7.66,25,2057
909,2019FB1,10,2117-04-02 20:35,1/869565,-7.67,14,2110
910,2019KT,17,2110-05-29 17:33,1/4.44E6,-7.67,16,2110
911,2021GW1,11,2082-03-29 23:39,1/2.36E6,-7.67,16,2082
912,2004XG29,30,2112-12-12 22:19,1/5.43E6,-7.68,12,2089
913,2021WU4,40,2056-05-26 12:13,1/1.48E8,-7.69,23,2056
914,2007XB23,14,2045-12-11 12:02,1/4.07E6,-7.69,12,2044
915,2008KT,8,2117-11-16 00:29,1/462963,-7.69,12,2091
916,2022SW24,8,2092-09-28 01:27,1/813008,-7.69,16,2077
917,2017RX17,19,2085-09-05 19:36,1/1.23E7,-7.7,22,2040
918,2015HO182,19,2046-04-10 22:49,1/2.03E7,-7.7,14,2046
919,2016DK2,6,2069-02-21 08:30,1/826446,-7.7,21,2069
920,2018DU1,10,2118-03-03 13:00,1/1.03E6,-7.7,13,2078
921,2022KC3,17,2115-08-21 17:26,1/2.75E6,-7.7,12,2105
922,2022DA3,10,2077-03-01 20:51,1/1.78E6,-7.71,15,2071
923,2017HJ,11,2092-04-16 04:46,1/2.28E6,-7.71,19,2070
924,2021VM22,12,2109-11-09 13:32,1/1.74E6,-7.72,14,2090
925,2021JF4,110,2064-11-01 23:14,1/2.42E9,-7.72,30,2064
926,2008CM74,9,2100-07-17 13:08,1/591716,-7.72,12,2065
927,2008SH148,21,2049-10-17 11:00,1/1.75E7,-7.72,15,2049
928,2016WR55,8,2115-11-29 07:51,1/781250,-7.72,18,2092
929,2022PC,60,2120-08-05 20:17,1/6.76E7,-7.73,12,2103
930,2011EL40,18,2073-03-06 05:19,1/1.18E7,-7.73,20,2073
931,2022AT1,20,2122-01-04 19:16,1/7.25E6,-7.73,17,2108
932,2022SH10,21,2120-09-17 10:04,1/1.55E7,-7.73,25,2120
933,2019VC37,4,2114-11-02 04:17,1/100908,-7.73,13,2082
934,2018WE,8,2057-11-20 08:58,1/1.82E6,-7.74,17,2057
935,2019SG1,10,2064-09-25 05:40,1/4.33E6,-7.74,20,2064
936,2022KX2,10,2107-11-07 07:25,1/980392,-7.74,13,2065
937,2020XU4,10,2112-12-02 20:05,1/909090,-7.75,13,2112
938,2015VN64,11,2088-11-03 17:21,1/3.06E6,-7.75,19,2088
939,2021CA6,7,2087-02-13 10:30,1/555555,-7.75,13,2084
940,2005VP,27,2053-10-31 21:40,1/3.25E7,-7.76,15,2053
941,2020QN4,7,2117-02-26 21:43,1/395256,-7.76,13,2065
942,2020SX6,13,2113-08-23 17:41,1/1.81E6,-7.76,12,2078
943,2006DO62,7,2053-02-22 00:07,1/1.47E6,-7.77,16,2050
944,2006UQ216,12,2074-03-01 20:48,1/2.13E6,-7.77,12,2064
945,2016NP56,20,2024-09-30 23:50,1/4.41E7,-7.77,12,2024
946,2021EW1,8,2103-03-07 06:55,1/775193,-7.77,14,2079
947,2003YS70,6,2110-01-11 05:18,1/245098,-7.78,12,2052
948,2011MD,6,2106-06-06 08:28,1/462963,-7.78,11,2106
949,2017RJ2,11,2119-09-18 10:52,1/2.53E6,-7.78,19,2102
950,2018ST1,30,2090-09-30 23:47,1/3.55E7,-7.78,16,2090
951,2021TH13,8,2114-10-18 08:37,1/769230,-7.78,14,2096
952,2022UV10,8,2121-10-26 01:54,1/800000,-7.78,14,2110
953,2014HJ197,3,2050-04-20 13:45,1/145137,-7.79,12,2045
954,2008VL,11,2044-10-28 21:11,1/3.62E6,-7.8,16,2028
955,2018BC,5,2097-01-11 09:00,1/146198,-7.8,11,2083
956,2021TV13,15,2087-09-25 05:56,1/5E6,-7.8,14,2087
957,2021EZ3,30,2111-03-13 06:48,1/2.11E7,-7.81,14,2111
958,2021UK2,15,2069-10-19 20:46,1/9.26E6,-7.81,16,2069
959,2022DB2,50,2117-03-15 18:48,1/6.33E7,-7.81,14,2108
960,2017KB3,30,2117-11-22 07:03,1/2.88E7,-7.82,16,2084
961,2020HO6,16,2113-04-18 18:54,1/4.59E6,-7.83,15,2113
962,2011CF22,24,2094-02-07 01:16,1/97087,-7.83,22,2031
963,2007EE126,28,2092-07-24 22:43,1/6.67E7,-7.83,33,2065
964,2013QM48,12,2097-08-23 13:45,1/1.73E6,-7.83,13,2071
965,2019CM5,9,2099-02-02 02:44,1/1.13E6,-7.83,12,2065
966,2017KH5,11,2067-05-26 09:49,1/4.88E6,-7.84,19,2067
967,2019VE4,9,2110-10-26 07:45,1/1.22E6,-7.84,14,2072
968,2022AA5,70,2109-02-14 12:21,1/1.37E8,-7.84,14,2109
969,2020DQ16,10,2103-02-18 23:15,1/1.63E6,-7.84,15,2080
970,2022QD8,25,2102-09-02 18:12,1/2.7E7,-7.85,20,2102
971,2019UB8,6,2097-10-30 23:44,1/505050,-7.85,15,2053
972,2013CL22,40,2119-02-02 22:22,1/3.89E7,-7.86,15,2119
973,2022GW2,9,2108-04-20 10:04,1/1.11E6,-7.87,13,2073
974,2014HE199,30,2039-04-13 21:37,1/1.62E8,-7.87,18,2030
975,2019WV1,8,2111-11-22 14:30,1/900900,-7.87,14,2078
976,2021XD6,7,2118-12-11 14:28,1/523560,-7.88,12,2103
977,2005CM7,21,2079-02-02 01:21,1/2.22E7,-7.88,22,2028
978,2010VO139,18,2043-11-10 11:41,1/4.88E7,-7.88,24,2028
979,2021VX22,3,2110-11-09 05:49,1/70422,-7.88,11,2101
980,2014LJ,7,2069-05-18 13:34,1/862068,-7.89,12,2055
981,2019BX1,8,2120-01-10 07:40,1/719424,-7.89,12,2067
982,2016GS134,10,2070-03-31 14:20,1/3.19E6,-7.89,16,2070
983,2019QR,20,2100-09-10 09:07,1/8.26E6,-7.89,13,2100
984,2022JM,6,2103-11-11 03:46,1/446428,-7.89,12,2092
985,2022OC4,11,2113-11-14 02:19,1/2.02E6,-7.89,13,2085
986,2021CK3,4,2107-02-08 01:45,1/237529,-7.91,18,2056
987,2020FD,10,2043-03-19 00:33,1/1.2E7,-7.91,19,2027
988,2020NY,21,2090-07-09 22:50,1/1.67E7,-7.91,16,2090
989,2022SL48,16,2089-09-23 21:29,1/7.04E6,-7.91,14,2058
990,2022JV,4,2106-05-06 14:24,1/249376,-7.92,15,2092
991,2014QN266,20,2101-08-23 11:01,1/7.58E6,-7.92,12,2099
992,2016TQ54,12,2096-10-02 20:54,1/3.29E6,-7.92,14,2082
993,2019TD,5,2060-09-29 07:54,1/847457,-7.92,15,2042
994,2014EU,10,2117-03-03 00:52,1/1.31E6,-7.92,13,2080
995,2021CD,13,2118-01-28 13:30,1/3.22E6,-7.93,15,2115
996,2012XL55,14,2025-12-08 22:00,1/5.41E7,-7.93,22,2025
997,2022EF1,6,2060-03-05 12:07,1/1.29E6,-7.94,15,2044
998,2009VT1,4,2046-10-19 08:42,1/549450,-7.94,13,2046
999,2020XP3,40,2119-12-14 09:39,1/1.17E8,-7.94,26,2119
1000,2021AJ1,50,2103-01-01 18:51,1/8.06E7,-7.94,15,2103
1001,2020AC1,7,2110-01-02 09:06,1/787401,-7.95,13,2093
1002,2007FP3,7,2106-03-16 04:50,1/877193,-7.95,15,2055
1003,2020WT4,10,2071-11-10 00:57,1/2.43E6,-7.95,12,2062
1004,2021RS5,8,2121-03-06 23:45,1/826446,-7.96,14,2072
1005,2015JC1,14,2068-05-11 22:46,1/1.08E7,-7.96,19,2068
1006,2021YB,11,2120-12-22 12:13,1/1.89E6,-7.97,12,2099
1007,2020XF4,11,2119-12-18 18:55,1/2.07E6,-7.98,13,2104
1008,2010UE,4,2031-10-16 17:51,1/2.25E6,-7.98,22,2031
1009,2016WT,4,2107-11-19 11:48,1/248138,-7.99,15,2069
1010,2018WA1,3,2111-11-08 21:54,1/116009,-7.99,12,2061
1011,2019VB5,16,2053-05-14 20:10,1/57471,-7.99,13,2052
1012,2015HE1,14,2098-04-21 08:00,1/7.94E6,-8.0,18,2098
1013,2017UF,9,2082-10-16 07:38,1/6.67E6,-8.0,26,2066
1014,2018CN,18,2082-02-07 23:46,1/2.74E7,-8.0,23,2082
1015,2020RB7,12,2116-09-20 12:23,1/6.41E6,-8.0,22,2104
1016,2018RJ3,10,2070-09-08 03:22,1/3.24E6,-8.01,14,2070
1017,2019NX5,5,2106-06-25 17:38,1/374531,-8.01,11,2069
1018,2021BP13,12,2094-01-20 13:56,1/7.04E6,-8.01,15,2094
1019,2016UQ36,10,2041-10-24 15:41,1/9.26E6,-8.02,16,2041
1020,2019EF,16,2099-09-01 08:13,1/1.54E7,-8.02,21,2097
1021,2005UC3,13,2109-10-05 05:18,1/3.76E6,-8.03,14,2074
1022,2012CR,160,2025-05-20 19:23,1/8.4E9,-8.03,11,2025
1023,2010CK19,9,2116-08-19 13:35,1/1.3E6,-8.03,12,2089
1024,2011CF66,12,2067-09-29 20:21,1/7.04E6,-8.04,14,2023
1025,2015VL64,8,2097-11-02 16:40,1/1.42E6,-8.04,14,2075
1026,2020UQ3,60,2112-07-26 16:22,1/1.68E8,-8.05,14,2112
1027,2021FE2,14,2100-03-25 16:56,1/6.62E6,-8.05,15,2100
1028,2012UE,7,2053-10-20 13:59,1/3.36E6,-8.05,17,2040
1029,2020GV2,15,2078-04-10 02:22,1/1.54E7,-8.05,19,2077
1030,2022WE7,9,2111-11-30 10:10,1/3.13E6,-8.05,20,2091
1031,2021JU6,12,2068-05-13 13:57,1/8.33E6,-8.06,16,2068
1032,2016WF7,6,2113-11-21 06:08,1/657894,-8.06,13,2093
1033,2017UL5,19,2116-10-24 08:41,1/9.52E6,-8.06,14,2100
1034,2019LA2,16,2109-12-04 18:14,1/1.17E7,-8.06,18,2109
1035,2010YD,26,2052-03-05 01:43,1/1.99E7,-8.07,14,2052
1036,2011EM40,9,2054-09-12 21:13,1/4.59E6,-8.07,15,2049
1037,2016FE15,6,2068-03-28 04:51,1/1.8E6,-8.07,17,2062
1038,2018PA25,40,2041-01-21 20:41,1/4E8,-8.07,19,2036
1039,2018WA3,9,2055-11-28 19:30,1/8.85E6,-8.07,20,2055
1040,2022UE16,29,2088-10-13 08:36,1/9.35E7,-8.07,20,2088
1041,2013GW38,7,2098-04-07 10:52,1/1.41E6,-8.08,15,2070
1042,2020TT1,13,2117-10-11 07:21,1/6.94E6,-8.08,18,2117
1043,2021XK3,13,2062-11-30 21:40,1/1.15E7,-8.08,16,2057
1044,2022SU7,8,2121-09-29 08:41,1/943396,-8.08,12,2111
1045,2022GL,5,2070-11-03 11:34,1/662251,-8.1,13,2070
1046,2022WW2,26,2119-10-30 13:52,1/3.13E7,-8.11,16,2119
1047,2009WZ53,50,2084-05-22 14:10,1/3.42E8,-8.11,22,2025
1048,2022SJ9,12,2071-12-20 04:08,1/8.4E6,-8.11,15,2067
1049,2021GC8,27,2095-04-14 14:35,1/129870,-8.12,13,2037
1050,2017UC52,50,2112-11-26 08:05,1/1.89E8,-8.12,18,2101
1051,2017UL6,14,2069-10-27 10:32,1/39062,-8.12,13,2062
1052,2014UY57,13,2119-10-20 05:30,1/4.74E6,-8.13,14,2100
1053,2007VJ3,40,2112-10-29 03:34,1/1.03E8,-8.15,20,2112
1054,2014HY198,4,2082-05-06 20:23,1/411522,-8.15,13,2057
1055,2021CF1,22,2077-02-02 18:57,1/4.69E7,-8.16,17,2077
1056,2009QR,12,2061-10-10 23:12,1/6.62E6,-8.16,12,2042
1057,2021BO2,8,2050-01-13 09:20,1/5.92E6,-8.16,15,2050
1058,2020BJ14,50,2082-01-02 06:10,1/2.42E8,-8.17,15,2082
1059,2016XL23,5,2080-11-29 13:46,1/900900,-8.17,15,2080
1060,2020DO2,15,2088-02-12 12:27,1/3.12E7,-8.18,25,2083
1061,2021RT4,8,2102-09-08 00:50,1/2.29E6,-8.18,15,2088
1062,2005TK50,6,2106-03-15 17:20,1/1.87E6,-8.18,23,2054
1063,2013XS21,5,2111-12-13 13:52,1/454545,-8.18,13,2076
1064,2015KH160,18,2119-10-05 10:24,1/1.34E8,-8.18,33,2117
1065,2021XX4,7,2118-12-14 13:21,1/1.67E6,-8.18,17,2105
1066,2022UV4,6,2120-10-18 22:37,1/694444,-8.19,12,2092
1067,2016VA18,7,2041-08-05 21:43,1/7.35E6,-8.19,12,2027
1068,2017YM14,10,2074-12-25 15:03,1/9.62E6,-8.19,22,2056
1069,2018FG1,12,2107-03-22 16:33,1/5.24E6,-8.19,15,2075
1070,2020FG,9,2107-03-22 19:35,1/4.39E6,-8.2,19,2093
1071,2021AC2,9,2079-04-06 17:56,1/4.08E6,-8.21,13,2079
1072,2014KW76,9,2115-05-29 14:36,1/3.5E6,-8.21,19,2094
1073,2019QS,40,2096-02-20 20:57,1/2.4E8,-8.22,24,2096
1074,2022GE,13,2105-10-03 18:49,1/9.52E6,-8.23,17,2100
1075,2020SL6,9,2108-09-28 00:40,1/4.55E6,-8.23,18,2108
1076,2020CK2,5,2079-02-08 18:51,1/806451,-8.23,12,2057
1077,2010XU,30,2116-11-14 11:34,1/2.76E7,-8.23,13,2058
1078,2016EL1,10,2087-09-06 12:00,1/8.85E6,-8.23,23,2073
1079,2016TG94,4,2114-10-10 07:44,1/406504,-8.23,14,2093
1080,2017WY27,9,2116-11-25 18:02,1/2.72E6,-8.23,14,2062
1081,2020FU2,7,2098-03-20 15:24,1/2.12E6,-8.23,17,2092
1082,2020GY2,70,2093-05-03 08:17,1/6.9E8,-8.23,19,2093
1083,2021XQ4,16,2069-05-26 09:25,1/4.27E7,-8.24,21,2054
1084,2017UW5,6,2081-10-11 00:24,1/2.44E6,-8.24,17,2081
1085,2021RO16,17,2101-04-24 12:59,1/1.39E7,-8.24,14,2101
1086,2008CB6,14,2110-04-30 00:58,1/6.58E6,-8.25,13,2093
1087,2020KU2,24,2116-10-15 22:06,1/4.52E7,-8.25,18,2105
1088,2020PT2,20,2085-08-23 00:37,1/2.73E7,-8.25,14,2085
1089,2021TT,9,2060-09-30 05:01,1/1.21E7,-8.25,19,2060
1090,2020YA2,8,2121-12-10 01:05,1/1.66E6,-8.26,12,2108
1091,2021WU,21,2106-11-24 21:43,1/4.1E7,-8.26,20,2106
1092,2020DN3,15,2112-02-25 12:44,1/1.44E7,-8.26,18,2107
1093,2019QB1,11,2053-08-19 16:36,1/1.59E7,-8.26,16,2053
1094,2020TS1,5,2117-10-09 01:38,1/574712,-8.26,12,2103
1095,2016BQ15,30,2072-02-07 09:07,1/2.15E8,-8.27,24,2072
1096,2016FV7,90,2083-03-30 18:57,1/4.03E9,-8.27,35,2083
1097,2014QJ365,11,2117-08-27 02:46,1/5.52E6,-8.27,16,2095
1098,2011FQ16,11,2105-03-25 11:52,1/4.31E6,-8.28,14,2066
1099,2017BE30,20,2100-01-22 14:28,1/3.92E7,-8.28,20,2100
1100,2022BE3,30,2050-08-04 06:29,1/6.76E8,-8.28,25,2050
1101,2021AP6,16,2104-02-15 02:08,1/1.04E7,-8.29,12,2104
1102,2021JB6,6,2112-05-15 10:54,1/1.27E6,-8.3,14,2110
1103,2012WR10,7,2096-07-24 10:26,1/1.19E6,-8.3,12,2081
1104,2015SK7,6,2100-09-21 18:25,1/1.73E6,-8.3,16,2059
1105,2021LK9,29,2109-06-23 11:04,1/6.58E7,-8.3,16,2109
1106,2021JR57,40,2063-05-16 19:05,1/1.09E9,-8.3,21,2063
1107,2009WQ52,8,2037-11-19 14:48,1/1.37E7,-8.31,19,2037
1108,2021WT,30,2073-11-21 20:07,1/2.42E8,-8.31,19,2073
1109,2008EF32,5,2025-03-09 21:18,1/1.02E7,-8.32,19,2025
1110,2020AR1,13,2072-01-08 11:58,1/1.43E7,-8.32,14,2070
1111,2012TP20,10,2119-10-05 15:39,1/3.07E6,-8.33,13,2064
1112,2013NR13,25,2114-07-14 21:46,1/4.33E7,-8.33,16,2114
1113,2014OP2,5,2071-07-25 14:14,1/2.11E6,-8.33,16,2071
1114,2017FW158,8,2104-11-22 19:28,1/3.64E6,-8.33,19,2049
1115,2017XY2,13,2108-06-13 08:01,1/7.87E6,-8.33,14,2108
1116,2021CS6,10,2055-02-14 22:42,1/1.14E7,-8.33,14,2055
1117,2020XK1,27,2070-12-08 06:19,1/312500,-8.34,13,2070
1118,2021NB,14,2092-08-19 14:29,1/1.46E7,-8.35,14,2092
1119,2021UF4,14,2120-11-17 17:04,1/7.75E6,-8.35,13,2120
1120,2016AF2,10,2076-03-22 14:59,1/5.99E6,-8.36,13,2072
1121,2016TH,5,2081-03-31 09:35,1/980392,-8.36,13,2072
1122,2012DY13,9,2074-08-23 20:58,1/1.05E7,-8.37,20,2074
1123,2014WR362,12,2078-11-21 07:30,1/1.48E7,-8.37,16,2078
1124,2017VF14,7,2093-11-13 16:47,1/3.27E6,-8.37,16,2080
1125,2018BX5,6,2113-01-16 03:12,1/1.1E6,-8.37,14,2086
1126,2019EH1,3,2064-08-21 03:59,1/1.08E6,-8.37,18,2051
1127,2017UQ6,13,2080-08-25 07:24,1/9.52E6,-8.38,12,2075
1128,2020XC,6,2085-05-05 18:30,1/1.26E6,-8.38,12,2085
1129,2016DY30,28,2036-02-26 00:13,1/1.77E6,-8.39,19,2036
1130,2016FC1,5,2088-03-10 23:42,1/2.22E6,-8.39,19,2082
1131,2010RK53,10,2029-09-08 16:32,1/2.2E7,-8.4,14,2029
1132,2015FU344,23,2066-03-16 11:01,1/294985,-8.4,15,2057
1133,2015XH55,5,2092-12-01 22:38,1/1.1E6,-8.4,13,2088
1134,2018VP1,24,2025-11-02 05:09,1/2.36E6,-8.4,15,2024
1135,2021GL16,20,2111-04-09 02:16,1/2.31E7,-8.4,13,2111
1136,2020JV38,10,2115-05-05 01:50,1/6.13E6,-8.41,16,2106
1137,2020HV5,25,2091-04-07 15:48,1/6.71E7,-8.42,15,2091
1138,2020OX4,40,2119-07-20 18:14,1/3.03E8,-8.42,20,2119
1139,2022CL7,4,2073-02-13 05:32,1/1.28E6,-8.42,15,2067
1140,2006BO7,5,2067-05-31 02:24,1/1.62E6,-8.43,15,2060
1141,2008EF85,17,2119-03-16 02:38,1/1.61E7,-8.43,15,2113
1142,2013UJ5,9,2061-08-07 03:49,1/9.8E6,-8.43,16,2061
1143,2019DM1,9,2088-02-27 11:55,1/9.35E6,-8.43,21,2072
1144,2021BN,8,2108-08-04 06:18,1/2.84E6,-8.43,14,2079
1145,2020BY1,19,2049-01-16 10:30,1/1.37E8,-8.43,20,2049
1146,2021WC1,7,2077-11-28 22:02,1/4.81E6,-8.43,16,2063
1147,2022QT5,24,2112-02-17 12:48,1/5.38E7,-8.43,15,2112
1148,2020UX,21,2087-10-20 19:02,1/181159,-8.44,14,2087
1149,2017UQ7,30,2096-10-22 18:05,1/1.66E8,-8.44,18,2094
1150,2019JK,9,2053-04-29 12:50,1/2.17E7,-8.44,21,2053
1151,2019TN5,7,2041-09-30 18:21,1/1.42E7,-8.44,16,2041
1152,2004OD4,15,2100-07-17 00:28,1/1.36E7,-8.45,14,2100
1153,2021BL2,7,2038-01-14 07:04,1/1.83E7,-8.46,17,2035
1154,2020OX5,14,2033-08-04 16:33,1/1.07E8,-8.47,14,2033
1155,2017FX158,6,2118-03-20 08:41,1/1.41E6,-8.47,14,2118
1156,2022JK2,9,2105-05-04 15:31,1/5.05E6,-8.47,14,2077
1157,2021BO1,5,2077-01-20 03:46,1/2.51E6,-8.48,15,2077
1158,2022OB5,6,2109-01-10 21:04,1/1.26E6,-8.48,11,2109
1159,2022QC,30,2107-08-23 11:59,1/1.81E8,-8.49,21,2107
1160,2019BV2,28,2114-08-04 21:23,1/1.19E8,-8.49,19,2102
1161,2017WF30,18,2031-02-21 21:49,1/1.68E8,-8.5,12,2028
1162,2017TD6,13,2106-10-21 00:10,1/1.34E7,-8.51,14,2081
1163,2016VZ17,11,2030-08-19 17:33,1/8.33E7,-8.51,15,2027
1164,2021RY4,7,2110-09-09 11:22,1/3.32E6,-8.51,15,2110
1165,2021CD8,7,2099-01-29 21:54,1/2.4E6,-8.52,11,2094
1166,2020HE7,6,2115-04-23 11:34,1/1.51E6,-8.52,12,2071
1167,2010UZ7,40,2111-10-17 17:34,1/3.03E8,-8.53,19,2111
1168,2020BY11,9,2120-01-25 21:17,1/6.45E6,-8.53,17,2111
1169,2018GD2,4,2108-10-16 01:31,1/990099,-8.54,14,2094
1170,2018BP3,6,2115-01-24 02:42,1/2.07E6,-8.54,13,2099
1171,2021RS14,8,2111-09-10 22:49,1/5.21E6,-8.54,15,2111
1172,2021TG14,8,2114-10-19 20:22,1/5.15E6,-8.54,16,2080
1173,2020FM1,5,2109-03-17 17:41,1/1.17E6,-8.55,13,2102
1174,2019JY2,4,2119-04-28 04:40,1/840336,-8.56,14,2059
1175,2022RD2,7,2087-09-03 04:07,1/2.93E6,-8.57,11,2083
1176,2011AZ36,40,2102-12-22 02:15,1/9.71E7,-8.57,13,2055
1177,2014HD198,4,2033-04-30 11:36,1/9.17E6,-8.57,20,2033
1178,2004XO63,22,2065-12-15 01:18,1/7.19E7,-8.58,14,2065
1179,2019WH4,9,2113-11-26 23:49,1/1.02E7,-8.58,14,2113
1180,2021VY7,5,2054-05-10 21:12,1/4.85E6,-8.59,17,2044
1181,2022OC5,13,2111-05-04 12:47,1/1.71E7,-8.59,15,2111
1182,2020WA1,7,2059-11-20 16:46,1/1.52E7,-8.6,23,2051
1183,2022AB4,15,2119-01-13 15:27,1/2.47E7,-8.61,15,2107
1184,2011UA64,14,2113-10-20 06:07,1/2.55E7,-8.61,18,2113
1185,2020SK4,3,2098-03-25 06:22,1/450450,-8.61,12,2072
1186,2021XW5,12,2119-12-13 02:58,1/1.3E7,-8.62,15,2100
1187,2008XC1,70,2085-12-17 14:48,1/9.8E8,-8.62,16,2085
1188,2015HD1,12,2047-04-21 05:15,1/6.25E7,-8.62,19,2047
1189,2018AT2,10,2091-01-10 16:31,1/1.01E7,-8.62,13,2091
1190,2020HM6,17,2083-04-20 12:12,1/6.8E7,-8.63,19,2083
1191,2022UG,20,2071-10-16 15:43,1/9.17E7,-8.63,15,2071
1192,2012BN123,80,2074-01-02 04:09,1/1.33E9,-8.64,11,2074
1193,2017KC36,12,2037-05-25 04:58,1/7.63E7,-8.64,16,2037
1194,2019QR8,9,2105-08-26 10:54,1/9.09E6,-8.64,17,2105
1195,2021NU3,6,2093-07-08 10:37,1/5.29E6,-8.65,16,2086
1196,2003UM3,9,2086-10-13 02:19,1/1.28E7,-8.65,18,2040
1197,2010GV23,11,2096-04-06 02:12,1/8E6,-8.68,12,2096
1198,2018WG2,3,2103-05-21 13:07,1/649350,-8.68,13,2077
1199,2014DK10,10,2060-02-21 20:48,1/2.57E7,-8.69,16,2060
1200,2012YR1,18,2116-12-13 04:00,1/3.42E7,-8.7,14,2083
1201,2021UT,5,2100-04-13 08:04,1/2.61E6,-8.71,16,2053
1202,2017VC14,8,2111-11-17 19:06,1/5.59E6,-8.71,16,2075
1203,2009EJ1,8,2039-11-09 06:01,1/2.1E7,-8.71,16,2025
1204,2020MA1,29,2066-07-04 07:17,1/2.02E8,-8.71,12,2066
1205,2022DO2,9,2113-02-24 15:40,1/7.75E6,-8.72,14,2086
1206,2007WT3,50,2101-11-08 01:23,1/1.21E9,-8.72,23,2101
1207,2012RU16,27,2077-07-20 19:43,1/1.62E8,-8.72,14,2077
1208,2020QC,11,2041-08-19 03:01,1/1.33E8,-8.74,22,2041
1209,2022OK,8,2120-07-20 15:33,1/4.48E6,-8.74,12,2107
1210,2016FA14,12,2072-03-28 23:54,1/4.61E7,-8.75,19,2072
1211,2022SO11,14,2090-10-06 02:34,1/5.08E7,-8.76,17,2086
1212,2021GZ7,6,2106-04-06 22:17,1/3.86E6,-8.77,15,2080
1213,2022UA5,4,2072-07-23 12:02,1/1.55E6,-8.78,12,2072
1214,2022QC7,23,2113-09-20 08:18,1/9.43E7,-8.79,14,2113
1215,2006WV,13,2101-11-23 08:26,1/3.86E7,-8.79,18,2088
1216,2020HN3,4,2118-10-22 06:19,1/1.17E6,-8.79,12,2070
1217,2022CL3,8,2093-02-13 16:27,1/1.06E7,-8.79,14,2093
1218,2019KY3,17,2097-06-01 06:19,1/9.71E7,-8.8,20,2097
1219,2021GU12,9,2097-04-06 23:22,1/1.42E7,-8.81,14,2047
1220,2020UB,9,2080-10-16 10:37,1/2.19E7,-8.83,16,2080
1221,2022AO1,4,2114-01-05 17:56,1/2.71E6,-8.84,18,2113
1222,2009XQ2,30,2031-12-17 05:43,1/1.51E10,-8.84,31,2031
1223,2017FA159,7,2024-06-20 13:33,1/2.92E7,-8.85,12,2023
1224,2022SZ9,8,2090-10-06 17:26,1/1.03E7,-8.86,14,2090
1225,2020SC,16,2092-09-16 09:03,1/1.48E8,-8.86,25,2079
1226,2016JA,11,2118-09-27 09:20,1/1.68E7,-8.86,13,2080
1227,2019GP21,4,2101-04-02 01:13,1/1.97E6,-8.86,16,2072
1228,2013VJ13,60,2099-10-30 09:28,1/2.23E9,-8.86,20,2099
1229,2022KF6,24,2068-05-30 07:02,1/2.67E8,-8.86,15,2068
1230,2015FN36,60,2117-03-16 03:57,1/1.87E9,-8.87,25,2117
1231,2016TM,11,2093-06-10 21:43,1/1.62E7,-8.88,12,2093
1232,2022DK2,12,2054-02-28 07:29,1/1.31E8,-8.88,20,2054
1233,2022AL1,20,2091-01-10 16:53,1/1.12E8,-8.89,15,2091
1234,2022UA21,5,2108-10-25 12:20,1/2.9E6,-8.9,12,2102
1235,2008EK68,4,2063-03-04 09:13,1/980392,-8.9,13,2029
1236,2016WQ1,9,2115-09-26 14:45,1/1.19E7,-8.9,14,2105
1237,2014WU200,6,2112-11-28 03:09,1/3.18E6,-8.91,11,2104
1238,2012CS46,10,2106-02-27 10:22,1/1.53E7,-8.91,13,2095
1239,2011AD3,18,2035-01-06 13:20,1/3.47E8,-8.92,17,2021
1240,2020DP14,3,2083-02-17 14:09,1/1.33E6,-8.93,13,2056
1241,2019VA,8,2112-11-03 12:06,1/8.77E6,-8.93,14,2112
1242,2021GC13,5,2117-04-14 08:16,1/3.23E6,-8.93,13,2117
1243,2020DG4,8,2106-02-19 09:59,1/1.04E7,-8.94,13,2096
1244,2008US,19,2044-04-17 04:58,1/1.84E6,-8.94,22,2040
1245,2022BK7,80,2075-01-10 12:41,1/4.41E9,-8.94,13,2075
1246,2022CB3,28,2087-02-07 04:58,1/2.07E6,-8.94,20,2075
1247,2019JH7,4,2114-05-17 11:02,1/2.22E6,-8.95,14,2114
1248,2020BA13,6,2101-01-27 18:05,1/6.62E6,-8.95,15,2062
1249,2020RE4,9,2104-02-27 16:14,1/3.07E7,-8.95,21,2088
1250,2021GE6,6,2101-07-11 03:40,1/5.03E6,-8.96,12,2069
1251,2021LY1,8,2040-06-03 18:38,1/7.14E7,-8.97,16,2040
1252,2019UN8,4,2105-05-30 02:00,1/4.69E6,-8.97,22,2085
1253,2021LL6,16,2088-06-26 18:26,1/8.26E7,-8.98,14,2088
1254,2022EA7,11,2114-03-11 16:24,1/2.36E7,-8.98,14,2114
1255,2020RK,30,2098-08-31 04:51,1/4.67E8,-8.99,16,2098
1256,2017TT3,26,2110-06-16 12:01,1/1.98E8,-8.99,14,2110
1257,2018CK,18,2072-01-31 09:17,1/2.27E8,-9.0,18,2072
1258,2020UY,6,2068-10-21 21:20,1/8.93E6,-9.01,13,2068
1259,2012VV76,27,2098-11-19 13:46,1/4.17E8,-9.03,19,2098
1260,2021JU3,13,2116-11-15 18:39,1/5.38E7,-9.03,16,2115
1261,2021TS10,27,2083-04-10 06:59,1/3.7E8,-9.03,14,2070
1262,2021FF2,8,2084-03-21 03:55,1/2.28E7,-9.04,15,2084
1263,2020KD1,9,2042-05-23 08:22,1/7.63E7,-9.04,14,2042
1264,2021CY,10,2094-01-24 09:15,1/3.7E7,-9.04,16,2094
1265,1994ES1,7,2025-10-04 07:54,1/5.43E7,-9.05,22,2025
1266,2021VN3,27,2069-08-26 19:38,1/2.02E6,-9.05,14,2069
1267,2021LK6,7,2086-06-10 02:48,1/2.18E7,-9.06,17,2069
1268,2016AQ164,4,2035-01-10 07:50,1/1.58E7,-9.06,18,2035
1269,2020TE6,11,2066-10-17 12:07,1/7.35E7,-9.07,16,2066
1270,2016LE10,14,2072-06-06 18:49,1/1.13E8,-9.09,17,2072
1271,2022UE61,9,2117-10-12 12:00,1/1.87E7,-9.09,13,2117
1272,2014OQ392,110,2104-10-12 08:39,1/1.87E10,-9.1,15,2104
1273,2016UR36,11,2118-03-30 16:20,1/5.15E7,-9.1,20,2097
1274,2021LL15,19,2100-05-26 00:23,1/1.48E8,-9.1,15,2074
1275,2018LE1,10,2102-05-26 20:57,1/2.48E7,-9.11,13,2102
1276,2021XF1,4,2099-12-06 09:23,1/4.17E6,-9.11,14,2073
1277,2022WC11,8,2119-11-21 17:48,1/1.58E7,-9.12,14,2118
1278,2016JY5,13,2107-05-01 09:31,1/5.81E7,-9.13,13,2085
1279,2019SE11,24,2053-09-18 18:11,1/9.01E8,-9.13,13,2053
1280,2019SU1,7,2119-03-14 04:34,1/9.9E6,-9.13,12,2116
1281,2022ED,5,2115-02-22 08:24,1/5.15E6,-9.13,12,2115
1282,2022GB,5,2122-03-31 21:25,1/4E6,-9.14,14,2121
1283,2020CW,11,2057-01-31 13:36,1/751879,-9.14,23,2046
1284,2019SO6,26,2077-02-06 14:41,1/1.08E9,-9.14,30,2077
1285,2008XK,13,2066-11-23 20:17,1/1.17E8,-9.15,18,2066
1286,2013EC20,6,2068-03-09 22:24,1/8.7E6,-9.15,11,2068
1287,2011CA7,3,2062-02-19 17:27,1/3.21E6,-9.16,14,2062
1288,2017YE7,7,2050-06-29 13:53,1/7.87E7,-9.17,23,2022
1289,2020FP5,4,2116-03-23 13:39,1/2.9E6,-9.17,13,2107
1290,2021BV1,9,2107-01-19 03:58,1/5.68E7,-9.17,24,2096
1291,2002CA26,22,2111-01-15 16:29,1/2.4E8,-9.18,16,2111
1292,2018BQ6,12,2081-01-31 17:10,1/7.25E7,-9.18,15,2081
1293,2022FY,9,2121-03-24 06:38,1/2.28E7,-9.18,13,2121
1294,1993KA2,6,2060-11-10 00:22,1/2.84E7,-9.19,26,2060
1295,2012GD,15,2106-04-13 11:36,1/7.94E7,-9.19,14,2036
1296,2020YM3,22,2103-06-29 01:59,1/1.82E8,-9.19,12,2103
1297,2015FH37,40,2115-03-30 12:29,1/1.47E9,-9.21,22,2113
1298,2020VK6,28,2090-12-09 16:52,1/5.78E8,-9.22,15,2090
1299,2016YY,29,2101-12-11 10:23,1/7.81E8,-9.23,19,2101
1300,2016QY84,18,2033-05-05 18:09,1/1.68E6,-9.24,11,2024
1301,2008JL24,4,2091-01-22 02:51,1/3.98E6,-9.25,12,2081
1302,2016JG38,50,2048-10-26 12:55,1/1.47E10,-9.25,24,2039
1303,2021DN1,8,2121-02-19 14:52,1/2.01E7,-9.25,13,2121
1304,2022UN1,12,2075-10-17 13:58,1/1.93E8,-9.27,20,2075
1305,2021XC4,20,2104-12-05 16:43,1/3.55E8,-9.27,19,2104
1306,2020TG6,5,2059-10-19 00:50,1/4.17E7,-9.27,22,2059
1307,2014BZ2,29,2117-01-25 11:41,1/8.13E8,-9.28,21,2117
1308,2015HE183,8,2090-04-20 05:36,1/4.12E7,-9.29,18,2090
1309,2016EU84,6,2115-03-01 16:08,1/7.19E6,-9.29,11,2113
1310,2018KY2,13,2115-05-27 03:05,1/9.17E7,-9.3,17,2075
1311,2021LV,9,2073-05-27 17:54,1/9.43E7,-9.31,19,2071
1312,2009XR1,5,2041-01-24 11:07,1/2E7,-9.31,13,2041
1313,2020TW,11,2112-09-28 16:26,1/4.17E7,-9.31,12,2101
1314,2021UA1,15,2115-10-27 03:49,1/617283,-9.31,17,2071
1315,2020SA2,8,2117-09-18 23:51,1/4.42E7,-9.32,19,2117
1316,2019UT5,7,2066-10-23 00:15,1/5.99E7,-9.33,18,2066
1317,2020KJ4,4,2106-05-27 02:43,1/3.24E6,-9.33,12,2077
1318,2008VB4,8,2032-09-01 00:00,1/2.07E8,-9.34,18,2021
1319,2021TN14,7,2120-10-14 08:50,1/2.17E7,-9.35,15,2089
1320,2012EZ1,6,2107-11-07 03:44,1/1.96E7,-9.35,18,2054
1321,2014UU56,8,2098-05-12 02:28,1/2.84E7,-9.37,14,2094
1322,2016NC56,14,2114-07-08 11:20,1/1.44E8,-9.37,18,2114
1323,2022KO3,9,2116-05-28 11:57,1/3.77E7,-9.38,15,2098
1324,2022BO1,11,2119-01-29 04:51,1/9.01E7,-9.39,17,2118
1325,2021BP1,4,2118-01-14 05:26,1/5.21E6,-9.4,13,2110
1326,2019SU2,3,2096-09-19 06:23,1/5.88E6,-9.43,16,2069
1327,2021JH,11,2066-01-19 13:57,1/2E8,-9.43,17,2066
1328,2021XC2,4,2085-12-05 23:18,1/9.43E6,-9.45,15,2069
1329,2007WW3,60,2031-11-14 15:43,1/1.23E10,-9.45,12,2031
1330,2016FF14,14,2114-03-30 20:47,1/1.25E8,-9.46,15,2106
1331,2008UC202,8,2116-04-26 14:48,1/2.33E7,-9.47,12,2116
1332,2017JB2,5,2102-04-29 16:43,1/1.1E7,-9.47,12,2099
1333,2019DF,4,2059-02-25 15:12,1/1.68E7,-9.47,18,2059
1334,2021UL3,7,2116-10-20 15:54,1/2.33E7,-9.48,14,2116
1335,2020YG2,40,2109-10-15 09:37,1/2.03E9,-9.49,15,2109
1336,2019SM8,5,2061-10-01 13:17,1/4.1E7,-9.49,18,2061
1337,2019UX12,6,2107-10-27 09:59,1/2.44E7,-9.5,15,2107
1338,2022UA4,22,2103-10-08 06:00,1/7.81E8,-9.5,17,2103
1339,2020HM7,23,2088-04-28 14:44,1/8.06E8,-9.51,15,2088
1340,2022FA1,5,2116-08-26 12:16,1/1.77E7,-9.52,17,2059
1341,2022ET,3,2117-03-03 07:27,1/4.05E6,-9.53,13,2117
1342,2021HY9,8,2101-04-22 19:29,1/6.25E7,-9.53,15,2101
1343,2014HK197,17,2062-09-07 04:23,1/8.85E8,-9.53,20,2062
1344,2010XP,18,2086-12-08 19:39,1/1.73E9,-9.56,15,2086
1345,2019FT1,14,2113-03-24 02:24,1/1.98E8,-9.57,16,2104
1346,2011UF256,140,2113-11-08 10:45,1/9.17E10,-9.57,26,2113
1347,2009FQ32,16,2074-03-27 21:20,1/2.72E8,-9.59,12,2058
1348,2017KJ32,6,2081-07-24 22:25,1/2.39E7,-9.59,11,2081
1349,2019TP5,30,2078-10-17 02:57,1/3.24E9,-9.59,22,2078
1350,2021TK11,7,2067-10-13 17:01,1/6.62E7,-9.6,15,2055
1351,2022AV13,15,2099-01-02 06:15,1/980392,-9.6,13,2057
1352,2021VD8,3,2084-05-07 00:58,1/8.62E6,-9.62,16,2084
1353,2010VR139,17,2057-10-15 07:34,1/5.08E8,-9.65,12,2022
1354,2009SD15,15,2081-09-14 22:42,1/4.67E8,-9.68,18,2081
1355,2017BK30,13,2085-02-11 16:09,1/2.62E8,-9.68,15,2085
1356,2021HY2,6,2051-04-17 19:37,1/8.26E7,-9.68,14,2051
1357,2022KK3,8,2121-05-26 12:36,1/6.29E7,-9.68,16,2121
1358,2021SG49,21,2045-09-03 15:13,1/1.17E10,-9.69,20,2045
1359,2017RX2,18,2066-09-16 04:08,1/1.13E9,-9.69,18,2066
1360,2012FB71,50,2108-11-20 23:45,1/8.93E9,-9.7,20,2108
1361,2009VZ39,8,2088-11-12 22:02,1/5.41E7,-9.71,13,2056
1362,2015KW157,24,2061-05-09 20:48,1/1.24E9,-9.71,11,2042
1363,2021WN2,17,2064-06-24 15:06,1/7.69E8,-9.72,14,2064
1364,2022AJ1,9,2120-01-04 02:41,1/1.09E8,-9.72,16,2120
1365,2017UJ2,24,2112-06-22 16:05,1/2.77E6,-9.73,12,2061
1366,2007BB,10,2076-01-17 04:09,1/1.08E8,-9.74,12,2076
1367,2018DO3,5,2087-02-12 05:03,1/2.3E8,-9.75,22,2087
1368,2015FC345,10,2091-07-13 19:35,1/1.32E8,-9.78,13,2074
1369,2022UC14,4,2120-10-25 05:15,1/1.21E7,-9.78,13,2120
1370,2021JV,12,2101-05-05 16:21,1/2.3E8,-9.79,15,2101
1371,2021TX1,11,2106-10-10 00:34,1/3.5E8,-9.81,21,2106
1372,2020WN,12,2096-11-23 20:50,1/2.94E8,-9.85,16,2096
1373,2022RS1,10,2115-09-01 03:21,1/8.77E7,-9.85,12,2115
1374,2022OJ5,6,2118-08-01 12:10,1/4.35E7,-9.87,15,2118
1375,2021AD4,26,2109-01-07 00:01,1/1.38E9,-9.89,12,2081
1376,2020QR5,12,2112-08-24 11:13,1/2.48E8,-9.93,13,2103
1377,2022CB5,15,2116-02-02 17:22,1/4.15E8,-9.93,14,2116
1378,2008WJ14,19,2042-11-19 21:01,1/2.16E9,-9.96,14,2042
1379,2021LC4,18,2101-06-13 14:08,1/1.47E9,-9.98,19,2101
1380,2017WW1,4,2055-11-22 09:37,1/7.25E7,-9.98,17,2048
1381,2022UQ40,8,2066-10-24 10:37,1/2.36E8,-10.0,14,2057
1382,2020LO,15,2065-06-03 20:49,1/1.05E9,-10.0,13,2061
1383,2005WN3,4,2024-04-15 09:44,1/1.96E8,-10.01,21,2024
1384,2013RZ53,21,2098-02-12 16:32,1/3.72E6,-10.01,11,2098
1385,2019UO8,5,2106-10-27 20:26,1/1.12E8,-10.01,28,2106
1386,2018MC5,30,2117-08-14 22:46,1/2.24E9,-10.02,12,2112
1387,2020DM3,20,2109-07-03 04:52,1/2.37E9,-10.05,20,2109
1388,2021AZ6,19,2112-01-17 20:19,1/1.45E9,-10.05,17,2112
1389,2021XE,6,2086-11-30 14:24,1/7.58E7,-10.05,12,2076
1390,2017SA21,8,2081-09-27 17:12,1/1.98E8,-10.06,15,2056
1391,2017TU1,21,2104-08-05 07:12,1/1.76E9,-10.06,16,2104
1392,2019HR2,6,2107-12-22 02:54,1/6.29E7,-10.06,14,2075
1393,2022EE1,10,2101-02-22 15:53,1/4.55E8,-10.09,18,2101
1394,2019SK9,13,2099-09-22 13:08,1/1.01E9,-10.11,19,2099
1395,2019SX8,6,2110-09-30 01:19,1/6.94E7,-10.11,14,2098
1396,2021VH,4,2120-04-02 09:19,1/2.5E7,-10.14,13,2120
1397,2021CH3,60,2074-07-27 15:22,1/5.75E10,-10.15,20,2074
1398,2020VB3,4,2110-11-14 08:36,1/3.07E7,-10.16,12,2102
1399,2014HE197,25,2068-09-04 13:54,1/1.04E10,-10.17,18,2051
1400,2017FW128,12,2072-04-10 13:16,1/6.94E8,-10.2,13,2072
1401,2011SC108,9,2111-09-22 18:50,1/7.46E8,-10.21,25,2111
1402,2021VH2,6,2120-09-14 18:20,1/7.04E7,-10.22,11,2120
1403,2021BR2,24,2108-08-25 12:20,1/1.07E7,-10.22,13,2108
1404,2018XW3,19,2044-12-07 14:33,1/7.09E9,-10.22,17,2042
1405,2019UN13,13,2111-11-01 04:11,1/3.05E6,-10.24,15,2109
1406,2021CP7,10,2121-02-19 03:26,1/3.85E8,-10.25,15,2121
1407,2010XB73,140,2110-05-31 21:55,1/4.81E8,-10.25,13,2110
1408,2022BM3,4,2097-01-24 02:34,1/6.02E7,-10.25,13,2097
1409,2020YS2,22,2092-10-04 10:35,1/9.01E6,-10.26,11,2092
1410,2021GW3,7,2109-04-03 21:05,1/2.04E8,-10.26,16,2109
1411,2019VS4,12,2102-11-06 13:34,1/6.29E8,-10.27,13,2102
1412,2003SQ222,4,2032-09-27 08:48,1/1.79E8,-10.31,19,2032
1413,2022GQ,3,2108-04-04 15:40,1/2.1E7,-10.32,13,2102
1414,2019QD,6,2112-08-21 17:04,1/2.43E8,-10.36,19,2112
1415,2008YD3,21,2108-02-10 20:54,1/4E9,-10.37,13,2096
1416,2021BW1,18,2093-12-25 17:47,1/2.19E9,-10.39,12,2093
1417,2021RG6,6,2116-09-11 10:05,1/1.27E8,-10.41,13,2116
1418,2019TX,7,2092-10-04 11:12,1/2.25E8,-10.43,13,2092
1419,2020KC5,12,2106-06-01 12:29,1/9.26E8,-10.43,14,2106
1420,2017YK14,7,2054-12-26 15:41,1/1.77E10,-10.45,16,2050
1421,2021SP,5,2033-09-17 11:58,1/1.08E9,-10.45,17,2033
1422,2016EN157,8,2054-03-11 00:47,1/1.23E9,-10.46,17,2054
1423,2022QH2,30,2097-08-17 18:36,1/1.98E10,-10.46,20,2097
1424,2008UM1,16,2073-10-20 14:07,1/1.35E7,-10.47,19,2070
1425,2014HC196,29,2112-04-01 20:12,1/5.49E9,-10.47,11,2112
1426,2022QA2,6,2071-08-15 19:00,1/3.8E8,-10.53,14,2071
1427,2016VH,16,2115-10-24 09:40,1/1.43E9,-10.53,12,2115
1428,2015RU178,9,2055-09-09 15:51,1/3.28E9,-10.62,22,2055
1429,2009SH1,5,2118-09-16 03:54,1/1.08E8,-10.67,12,2075
1430,2022SS2,13,2092-09-15 18:46,1/2.2E9,-10.69,13,2092
1431,2021KN2,7,2111-06-02 01:45,1/4.24E8,-10.71,15,2083
1432,2022KA2,9,2114-05-20 20:09,1/8.2E8,-10.73,15,2114
1433,2020DW,3,2108-12-23 19:41,1/4.76E7,-10.73,12,2108
1434,2020AY1,30,2103-04-01 07:57,1/1.72E10,-10.75,13,2103
1435,2022UU,21,2048-10-13 13:04,1/3.44E10,-10.78,17,2048
1436,2022CS7,9,2099-02-16 21:07,1/1.05E9,-10.79,14,2099
1437,2022ES3,13,2066-03-12 01:55,1/1.04E10,-10.81,22,2066
1438,2018RW,28,2116-09-07 17:53,1/6.02E7,-10.89,13,2116
1439,2017WE29,30,2077-10-30 20:25,1/5.65E10,-10.97,15,2077
1440,2022FD,21,2118-03-17 10:34,1/8.13E9,-10.99,12,2118
1441,2021FW2,30,2119-03-31 14:20,1/2.66E10,-11.02,14,2119
1442,2022AY5,5,2109-01-11 15:54,1/4.72E8,-11.03,14,2109
1443,2020BA15,12,2051-01-28 07:08,1/1.29E10,-11.05,16,2051
1444,2018DP3,7,2034-02-08 23:50,1/3.53E10,-11.11,18,2034
1445,2017WE30,15,2079-11-27 04:41,1/8.47E7,-11.12,21,2079
1446,2007VF189,8,2072-11-13 16:56,1/2.1E9,-11.16,16,2072
1447,2009DM40,15,2041-02-22 11:01,1/2.72E10,-11.18,15,2041
1448,2021WR4,29,2116-02-07 01:50,1/1.29E8,-11.2,12,2080
1449,2016DB,7,2074-02-14 10:48,1/1.86E9,-11.2,14,2074
1450,2008JD33,30,2037-02-17 13:35,1/1.41E9,-11.21,12,2029
1451,2017UK1,14,2112-04-10 05:27,1/7.19E9,-11.24,13,2112
1452,2018WE1,22,2074-11-25 03:37,1/4.13E10,-11.25,16,2074
1453,2014WZ365,26,2114-12-12 10:24,1/5.46E10,-11.36,16,2114
1454,2015HZ182,12,2112-04-12 02:08,1/1.17E10,-11.38,20,2089
1455,2016TB57,21,2112-11-08 08:48,1/2.21E10,-11.44,11,2096
1456,2017VN2,12,2099-11-20 07:29,1/9.62E9,-11.53,12,2099
1457,2017UL52,8,2117-10-20 02:40,1/2.67E9,-11.56,12,2117
1458,2021RG12,5,2091-09-07 07:12,1/1.53E9,-11.6,11,2090
1459,2021TH15,6,2069-10-11 00:49,1/5.85E9,-11.62,17,2069
1460,2021XJ4,12,2091-06-01 23:09,1/3.8E10,-11.63,24,2091
1461,2019TJ5,16,2086-10-10 01:25,1/5.95E10,-11.68,17,2086
1462,2022UA14,8,2118-10-31 00:21,1/6.29E9,-11.7,16,2107
1463,2022EE5,3,2110-03-06 04:12,1/5.78E8,-11.71,12,2110
1464,2017CY32,7,2047-01-30 22:39,1/5.35E10,-11.74,23,2047
1465,2022HH2,14,2120-04-20 05:37,1/4.37E10,-11.79,21,2120
1466,2022TP,20,2116-10-01 09:17,1/6.71E10,-11.8,14,2116
1467,2017BD6,7,2083-01-25 11:04,1/1.04E10,-11.93,15,2083
1468,2009EH1,10,2051-09-03 06:27,1/4.55E10,-12.0,15,2051
1469,2010XC,6,2061-03-14 13:03,1/3.75E10,-12.37,17,2061
1470,2016VR4,6,2107-11-10 10:41,1/1.58E10,-12.39,15,2107
1471,2019AS5,12,2085-01-07 18:20,1/8.4E8,-12.65,15,2085
1472,2022SJ3,27,2119-04-19 09:04,1/5.99E9,-12.65,19,2119
1473,2022BA7,24,2117-01-27 05:41,1/7.81E9,-13.06,15,2117
1474,2021KQ2,4,2097-05-21 03:05,1/7.94E10,-13.71,11,2097
1475,101955 Bennu,484,2182-09-24 20:24,1/2702,-1.59,13,2182
1476,29075 1950DA,1300,2880-03-16 23:48,1/51020,-2.13,18,2880
